refdes,2013-07,2013-08,2013-09,2013-10,2013-11,2013-12,2014-01,2014-02,2014-03,2014-04,2014-05,2014-06,2014-07,2014-08,2014-09,2014-10,2014-11,2014-12,2015-01,2015-02,2015-03,2015-04,2015-05,2015-06,2015-07,2015-08,2015-09,2015-10,2015-11,2015-12,2016-01,2016-02,2016-03,2016-04,2016-05,2016-06,2016-07,2016-08,2016-09,2016-10,2016-11,2016-12,2017-01,2017-02,2017-03,2017-04,2017-05,2017-06,2017-07,2017-08,2017-09,2017-10,NaT
GA01SUMO-RID16-01-OPTAAD000,,,,,,,,,,,,,,,,,,,,,0.5483870967741935,1.0,1.0,1.0,1.0,0.8709677419354839,0.9666666666666667,1.0,0.8333333333333334,0.967741935483871,1.0,1.0,1.0,1.0,1.0,1.0,0.7741935483870968,0.967741935483871,1.0,0.8709677419354839,0.8333333333333334,0.8709677419354839,0.8387096774193549,0.8571428571428571,0.8709677419354839,0.8666666666666667,0.8709677419354839,0.8666666666666667,0.8387096774193549,0.967741935483871,1.0,,
GA01SUMO-RID16-02-FLORTD000,,,,,,,,,,,,,,,,,,,,,0.4838709677419355,0.8666666666666667,0.8387096774193549,0.8666666666666667,0.8709677419354839,0.7741935483870968,0.8666666666666667,0.8709677419354839,0.7666666666666667,0.8709677419354839,0.8387096774193549,0.8620689655172413,0.8709677419354839,0.8666666666666667,0.8387096774193549,0.8666666666666667,0.7419354838709677,0.8709677419354839,0.8666666666666667,0.8387096774193549,0.9,0.8709677419354839,0.8387096774193549,0.8571428571428571,0.8709677419354839,0.8333333333333334,0.8709677419354839,0.6,0.03225806451612903,0.06451612903225806,,,
GA01SUMO-RID16-03-CTDBPF000,,,,,,,,,,,,,,,,,,,,,0.5483870967741935,1.0,1.0,1.0,1.0,1.0,1.0,1.0,1.0,1.0,1.0,1.0,1.0,1.0,1.0,1.0,1.0,1.0,1.0,1.0,1.0,1.0,0.16129032258064516,,,,,,,,,,
GA01SUMO-RID16-04-VELPTA000,,,,,,,,,,,,,,,,,,,,,,,,,,,,,0.5666666666666667,1.0,1.0,1.0,1.0,1.0,1.0,1.0,1.0,1.0,1.0,1.0,1.0,1.0,1.0,1.0,0.7096774193548387,,,,,,,,
GA01SUMO-RID16-05-PCO2WB000,,,,,,,,,,,,,,,,,,,,,0.12903225806451613,0.3,0.25806451612903225,0.3,0.25806451612903225,0.2903225806451613,0.26666666666666666,0.2903225806451613,0.3333333333333333,0.25806451612903225,0.2903225806451613,0.27586206896551724,0.2903225806451613,0.26666666666666666,0.2903225806451613,0.26666666666666666,0.2903225806451613,0.12903225806451613,,0.03225806451612903,0.26666666666666666,0.2903225806451613,0.2903225806451613,0.25,0.2903225806451613,0.3,0.25806451612903225,0.3,0.25806451612903225,0.2903225806451613,0.26666666666666666,,
GA01SUMO-RID16-06-DOSTAD000,,,,,,,,,,,,,,,,,,,,,0.4838709677419355,0.8666666666666667,0.8387096774193549,0.8666666666666667,0.8709677419354839,0.7741935483870968,0.8666666666666667,0.8709677419354839,0.7333333333333333,0.8709677419354839,0.8387096774193549,0.8620689655172413,0.8709677419354839,0.8666666666666667,0.8387096774193549,0.8666666666666667,0.7741935483870968,0.8709677419354839,0.8666666666666667,0.8387096774193549,0.9,0.8709677419354839,0.8387096774193549,0.8571428571428571,0.8709677419354839,0.8333333333333334,0.8709677419354839,0.8666666666666667,0.8387096774193549,0.8709677419354839,0.8666666666666667,,
GA01SUMO-RID16-07-NUTNRB000,,,,,,,,,,,,,,,,,,,,,0.5483870967741935,1.0,1.0,1.0,1.0,1.0,1.0,1.0,1.0,1.0,1.0,1.0,1.0,1.0,1.0,1.0,1.0,1.0,1.0,1.0,1.0,1.0,1.0,1.0,1.0,0.9333333333333333,0.9354838709677419,0.5666666666666667,0.0967741935483871,,,,
GA01SUMO-RID16-08-SPKIRB000,,,,,,,,,,,,,,,,,,,,,0.4838709677419355,0.8666666666666667,0.8387096774193549,0.9333333333333333,0.8064516129032258,0.22580645161290322,0.03333333333333333,,0.4666666666666667,0.8709677419354839,0.8387096774193549,0.8620689655172413,0.8709677419354839,0.8666666666666667,0.8387096774193549,0.8666666666666667,0.7096774193548387,0.8709677419354839,0.8666666666666667,0.8064516129032258,0.9,0.8709677419354839,0.8387096774193549,0.8571428571428571,0.8709677419354839,0.8333333333333334,0.8709677419354839,0.8666666666666667,0.8387096774193549,0.8709677419354839,0.8666666666666667,,
GA01SUMO-RII11-02-ADCPSN010,,,,,,,,,,,,,,,,,,,,,0.5483870967741935,1.0,1.0,1.0,1.0,1.0,1.0,0.3225806451612903,1.0,0.7741935483870968,0.9032258064516129,0.896551724137931,0.967741935483871,1.0,1.0,0.9333333333333333,0.9354838709677419,1.0,1.0,1.0,1.0,1.0,1.0,1.0,1.0,1.0,1.0,1.0,1.0,1.0,0.9333333333333333,,
GA01SUMO-RII11-02-CTDBPP031,,,,,,,,,,,,,,,,,,,,,,,,,,,,,0.3333333333333333,0.7096774193548387,0.8709677419354839,0.8620689655172413,0.9354838709677419,0.9333333333333333,,,,,,0.16129032258064516,1.0,1.0,1.0,1.0,1.0,1.0,0.3548387096774194,,,,,,
GA01SUMO-RII11-02-CTDBPP032,,,,,,,,,,,,,,,,,,,,,,,,,,,,,0.5666666666666667,0.7096774193548387,0.8709677419354839,0.8620689655172413,0.9354838709677419,1.0,1.0,0.13333333333333333,,,,0.16129032258064516,1.0,1.0,1.0,1.0,1.0,1.0,1.0,0.8333333333333334,,,,,
GA01SUMO-RII11-02-CTDBPP033,,,,,,,,,,,,,,,,,,,,,,,,,,,,,0.5666666666666667,0.7096774193548387,0.8709677419354839,0.8620689655172413,0.9354838709677419,0.4,,,,,,0.16129032258064516,1.0,1.0,1.0,1.0,1.0,1.0,0.0967741935483871,,,,,,
GA01SUMO-RII11-02-CTDMOQ011,,,,,,,,,,,,,,,,,,,,,0.5483870967741935,1.0,1.0,1.0,1.0,1.0,1.0,0.2903225806451613,1.0,0.7741935483870968,0.9032258064516129,0.896551724137931,0.967741935483871,1.0,1.0,0.9333333333333333,0.9032258064516129,1.0,1.0,1.0,1.0,1.0,1.0,1.0,1.0,1.0,1.0,1.0,1.0,1.0,0.7666666666666667,,
GA01SUMO-RII11-02-CTDMOQ012,,,,,,,,,,,,,,,,,,,,,0.5483870967741935,1.0,1.0,1.0,1.0,1.0,1.0,0.2903225806451613,1.0,0.7741935483870968,0.9032258064516129,0.896551724137931,0.967741935483871,1.0,1.0,0.9333333333333333,0.9032258064516129,1.0,1.0,1.0,1.0,1.0,1.0,1.0,1.0,1.0,1.0,1.0,1.0,1.0,0.7666666666666667,,
GA01SUMO-RII11-02-CTDMOQ013,,,,,,,,,,,,,,,,,,,,,0.5483870967741935,1.0,1.0,1.0,1.0,1.0,1.0,0.2903225806451613,1.0,0.7741935483870968,0.9032258064516129,0.896551724137931,0.967741935483871,1.0,1.0,0.9333333333333333,0.9032258064516129,1.0,1.0,1.0,1.0,1.0,1.0,1.0,1.0,1.0,1.0,1.0,1.0,1.0,0.7666666666666667,,
GA01SUMO-RII11-02-CTDMOQ014,,,,,,,,,,,,,,,,,,,,,0.5483870967741935,1.0,1.0,1.0,1.0,1.0,1.0,0.2903225806451613,1.0,0.7741935483870968,0.9032258064516129,0.896551724137931,0.967741935483871,1.0,1.0,0.9333333333333333,0.9032258064516129,1.0,1.0,1.0,1.0,1.0,1.0,1.0,1.0,1.0,1.0,1.0,1.0,1.0,0.7666666666666667,,
GA01SUMO-RII11-02-CTDMOQ015,,,,,,,,,,,,,,,,,,,,,0.5483870967741935,1.0,1.0,1.0,1.0,1.0,1.0,0.2903225806451613,1.0,0.7741935483870968,0.9032258064516129,0.896551724137931,0.967741935483871,1.0,1.0,0.9333333333333333,0.9032258064516129,1.0,1.0,1.0,1.0,1.0,1.0,1.0,1.0,1.0,1.0,1.0,1.0,1.0,0.7666666666666667,,
GA01SUMO-RII11-02-CTDMOQ016,,,,,,,,,,,,,,,,,,,,,0.5483870967741935,1.0,1.0,1.0,1.0,1.0,1.0,0.2903225806451613,1.0,0.7741935483870968,0.9032258064516129,0.896551724137931,0.967741935483871,1.0,1.0,0.9333333333333333,0.9032258064516129,1.0,1.0,1.0,1.0,1.0,1.0,1.0,1.0,1.0,1.0,1.0,1.0,1.0,0.7666666666666667,,
GA01SUMO-RII11-02-CTDMOQ017,,,,,,,,,,,,,,,,,,,,,0.5483870967741935,1.0,1.0,1.0,1.0,1.0,1.0,0.2903225806451613,1.0,0.7741935483870968,0.9032258064516129,0.896551724137931,0.967741935483871,1.0,1.0,0.9333333333333333,0.9032258064516129,1.0,1.0,1.0,1.0,1.0,1.0,1.0,1.0,1.0,1.0,1.0,1.0,1.0,0.7666666666666667,,
GA01SUMO-RII11-02-CTDMOQ031,,,,,,,,,,,,,,,,,,,,,0.5483870967741935,1.0,1.0,1.0,1.0,1.0,1.0,0.2903225806451613,0.8666666666666667,,,,,,,,,,,,,,,,,,,,,,,,
GA01SUMO-RII11-02-CTDMOQ033,,,,,,,,,,,,,,,,,,,,,0.5483870967741935,1.0,1.0,1.0,1.0,1.0,1.0,0.2903225806451613,0.8666666666666667,,,,,,,,,,,,,,,,,,,,,,,,
GA01SUMO-RII11-02-CTDMOR018,,,,,,,,,,,,,,,,,,,,,0.5483870967741935,1.0,1.0,1.0,1.0,1.0,1.0,0.2903225806451613,1.0,0.7741935483870968,0.9032258064516129,0.896551724137931,0.967741935483871,1.0,1.0,0.9333333333333333,0.9032258064516129,1.0,1.0,1.0,1.0,1.0,1.0,1.0,1.0,1.0,1.0,1.0,1.0,1.0,0.7666666666666667,,
GA01SUMO-RII11-02-CTDMOR019,,,,,,,,,,,,,,,,,,,,,0.5483870967741935,1.0,1.0,1.0,1.0,1.0,1.0,0.2903225806451613,1.0,0.7741935483870968,0.9032258064516129,0.896551724137931,0.967741935483871,1.0,1.0,0.9333333333333333,0.9032258064516129,1.0,1.0,1.0,1.0,1.0,1.0,1.0,1.0,1.0,1.0,1.0,1.0,1.0,0.7666666666666667,,
GA01SUMO-RII11-02-CTDMOR020,,,,,,,,,,,,,,,,,,,,,0.5483870967741935,1.0,1.0,1.0,1.0,1.0,1.0,0.2903225806451613,1.0,0.7741935483870968,0.9032258064516129,0.896551724137931,0.967741935483871,1.0,1.0,0.9333333333333333,0.9032258064516129,1.0,1.0,1.0,1.0,1.0,1.0,1.0,1.0,1.0,1.0,1.0,1.0,1.0,0.7666666666666667,,
GA01SUMO-RII11-02-DOSTAD031,,,,,,,,,,,,,,,,,,,,,,,,,,,,,0.3333333333333333,0.7096774193548387,0.8709677419354839,0.8620689655172413,0.9354838709677419,0.9333333333333333,,,,,,0.16129032258064516,1.0,1.0,1.0,1.0,1.0,1.0,0.3548387096774194,,,,,,
GA01SUMO-RII11-02-DOSTAD032,,,,,,,,,,,,,,,,,,,,,,,,,,,,,0.5666666666666667,0.7096774193548387,0.8709677419354839,0.8620689655172413,0.9354838709677419,1.0,1.0,0.13333333333333333,,,,0.16129032258064516,1.0,1.0,1.0,1.0,1.0,1.0,1.0,0.8333333333333334,,,,,
GA01SUMO-RII11-02-DOSTAD033,,,,,,,,,,,,,,,,,,,,,,,,,,,,,0.5666666666666667,0.7096774193548387,0.8709677419354839,0.8620689655172413,0.9354838709677419,0.4,,,,,,0.16129032258064516,1.0,1.0,1.0,1.0,1.0,1.0,0.0967741935483871,,,,,,
GA01SUMO-RII11-02-FLORDG031,,,,,,,,,,,,,,,,,,,,,,,,,,,,,0.3333333333333333,0.7096774193548387,0.8709677419354839,0.8620689655172413,0.9354838709677419,0.9333333333333333,,,,,,0.16129032258064516,1.0,1.0,1.0,1.0,1.0,1.0,0.3548387096774194,,,,,,
GA01SUMO-RII11-02-FLORDG032,,,,,,,,,,,,,,,,,,,,,,,,,,,,,0.5666666666666667,0.7096774193548387,0.8709677419354839,0.8620689655172413,0.9354838709677419,1.0,1.0,0.13333333333333333,,,,0.16129032258064516,1.0,1.0,1.0,1.0,1.0,1.0,1.0,0.8333333333333334,,,,,
GA01SUMO-RII11-02-FLORDG033,,,,,,,,,,,,,,,,,,,,,,,,,,,,,0.5666666666666667,0.7096774193548387,0.8709677419354839,0.8620689655172413,0.9354838709677419,0.4,,,,,,0.16129032258064516,1.0,1.0,1.0,1.0,1.0,1.0,0.0967741935483871,,,,,,
GA01SUMO-RII11-02-PCO2WC051,,,,,,,,,,,,,,,,,,,,,0.12903225806451613,0.26666666666666666,0.2903225806451613,0.23333333333333334,0.12903225806451613,,,,,,,0.2413793103448276,0.2903225806451613,0.26666666666666666,0.2903225806451613,0.26666666666666666,0.25806451612903225,0.2903225806451613,0.26666666666666666,0.3225806451612903,0.3333333333333333,0.2903225806451613,0.2903225806451613,0.25,0.2903225806451613,0.26666666666666666,0.2903225806451613,0.26666666666666666,0.2903225806451613,0.2903225806451613,0.23333333333333334,,
GA01SUMO-RII11-02-PCO2WC052,,,,,,,,,,,,,,,,,,,,,,,,,,,,,0.06666666666666667,,,,,,,,,,,0.03225806451612903,0.26666666666666666,0.2903225806451613,0.2903225806451613,0.25,0.25806451612903225,0.23333333333333334,0.25806451612903225,0.2,0.03225806451612903,0.03225806451612903,,,
GA01SUMO-RII11-02-PCO2WC053,,,,,,,,,,,,,,,,,,,,,0.12903225806451613,0.03333333333333333,,,,,,,,,,,,,,,,,,0.03225806451612903,0.26666666666666666,0.2903225806451613,0.2903225806451613,0.07142857142857142,,,,,,,,,
GA01SUMO-RII11-02-PHSENE041,,,,,,,,,,,,,,,,,,,,,0.5483870967741935,1.0,1.0,,,,,,0.13333333333333333,,,,,,,,,,,0.16129032258064516,0.3333333333333333,,,,,,,,,,,,
GA01SUMO-RII11-02-PHSENE042,,,,,,,,,,,,,,,,,,,,,0.22580645161290322,,,,,,,,0.5666666666666667,0.7741935483870968,0.25806451612903225,,,,,,,,,0.16129032258064516,1.0,1.0,1.0,1.0,1.0,1.0,0.4838709677419355,,,,,,
GA01SUMO-SBD11-04-DOSTAD000,,,,,,,,,,,,,,,,,,,,,,,,,,,,,0.4666666666666667,0.8709677419354839,0.8387096774193549,0.8620689655172413,0.8709677419354839,0.8666666666666667,0.8387096774193549,0.8666666666666667,0.7741935483870968,0.8709677419354839,0.8666666666666667,0.8387096774193549,0.9,0.8709677419354839,0.8387096774193549,0.8571428571428571,0.8709677419354839,0.8333333333333334,0.8709677419354839,0.8666666666666667,0.8387096774193549,0.8709677419354839,0.6,,
GA01SUMO-SBD11-05-SPKIRB000,,,,,,,,,,,,,,,,,,,,,0.1935483870967742,0.06666666666666667,,,,,,,0.4666666666666667,0.8709677419354839,0.8387096774193549,0.8620689655172413,0.8709677419354839,0.8666666666666667,0.8387096774193549,0.8666666666666667,0.7419354838709677,0.8709677419354839,0.8666666666666667,0.7741935483870968,0.8666666666666667,0.8709677419354839,0.8387096774193549,0.8571428571428571,0.8387096774193549,0.8333333333333334,0.8709677419354839,0.8666666666666667,0.8387096774193549,0.8709677419354839,0.6,,
GA01SUMO-SBD11-06-METBKA000,,,,,,,,,,,,,,,,,,,,,,,,,,,,,,,,,,,,,,,,,,,,,,,,,,,,,
GA01SUMO-SBD11-08-NUTNRB000,,,,,,,,,,,,,,,,,,,,,0.5483870967741935,1.0,1.0,0.43333333333333335,0.0967741935483871,0.12903225806451613,,,0.5666666666666667,1.0,0.3548387096774194,0.6896551724137931,1.0,1.0,0.9354838709677419,1.0,0.967741935483871,1.0,1.0,1.0,1.0,1.0,1.0,1.0,1.0,0.9333333333333333,0.9354838709677419,0.9333333333333333,0.9354838709677419,0.967741935483871,0.7333333333333333,,
GA01SUMO-SBD12-01-OPTAAD000,,,,,,,,,,,,,,,,,,,,,0.22580645161290322,0.43333333333333335,0.16129032258064516,,,0.25806451612903225,0.3333333333333333,0.3870967741935484,0.9333333333333333,1.0,1.0,1.0,1.0,1.0,1.0,1.0,0.8709677419354839,1.0,0.9333333333333333,0.9032258064516129,0.8,0.8709677419354839,0.8387096774193549,0.8571428571428571,0.8709677419354839,0.8666666666666667,0.8709677419354839,0.8666666666666667,0.8387096774193549,0.967741935483871,1.0,,
GA01SUMO-SBD12-02-FLORTD000,,,,,,,,,,,,,,,,,,,,,0.1935483870967742,,,,,0.06451612903225806,,,0.4666666666666667,0.8709677419354839,0.8387096774193549,0.8620689655172413,0.8709677419354839,0.8666666666666667,0.8387096774193549,0.8666666666666667,0.7419354838709677,0.8709677419354839,0.8,0.7741935483870968,0.9,0.8709677419354839,0.8387096774193549,0.8571428571428571,0.8709677419354839,0.8333333333333334,0.8709677419354839,0.8666666666666667,0.8387096774193549,0.8709677419354839,0.8666666666666667,,
GA01SUMO-SBD12-04-PCO2AA000,,,,,,,,,,,,,,,,,,,,,,,,,,,,,0.5666666666666667,1.0,1.0,1.0,1.0,1.0,1.0,1.0,1.0,1.0,0.9,1.0,1.0,1.0,1.0,1.0,1.0,0.9333333333333333,0.9354838709677419,0.9333333333333333,0.9354838709677419,1.0,1.0,,
GA01SUMO-SBD12-05-WAVSSA000,,,,,,,,,,,,,,,,,,,,,0.5483870967741935,1.0,1.0,1.0,1.0,1.0,1.0,1.0,1.0,1.0,1.0,1.0,1.0,1.0,1.0,1.0,1.0,1.0,0.9,1.0,1.0,1.0,1.0,1.0,1.0,1.0,1.0,1.0,1.0,1.0,1.0,,
GA01SUMO-SBD12-06-METBKA000,,,,,,,,,,,,,,,,,,,,,,,,,,,,,,,,,,,,,,,,,,,,,,,,,,,,,
GA02HYPM-RIM01-02-CTDMOG039,,,,,,,,,,,,,,,,,,,,,,,,,,,,,0.03333333333333333,,,,,,,,,,,,0.03333333333333333,,,,,,,,,,,,
GA02HYPM-WFP02-01-FLORDL000,,,,,,,,,,,,,,,,,,,,,,0.3333333333333333,,,,,,,,,,,,,,,,,,,,,,,,,,,,,,,
GA02HYPM-WFP02-03-DOSTAL000,,,,,,,,,,,,,,,,,,,,,,0.3333333333333333,,,,,,,,,,,,,,,,,,,,,,,,,,,,,,,
GA02HYPM-WFP02-04-CTDPFL000,,,,,,,,,,,,,,,,,,,,,0.03225806451612903,0.4666666666666667,,,,,,,,,,,,,,,,,,,,,,,,,,,,,,,
GA02HYPM-WFP02-05-VEL3DL000,,,,,,,,,,,,,,,,,,,,,,0.2,,,,,,,,,,,,,,,,,,,,,,,,,,,,,,,
GA02HYPM-WFP03-01-FLORDL000,,,,,,,,,,,,,,,,,,,,,,0.3,,,,,,,,,,,,,,,,,,,,,,,,,,,,,,,
GA02HYPM-WFP03-03-DOSTAL000,,,,,,,,,,,,,,,,,,,,,,0.3,,,,,,,,,,,,,,,,,,,,,,,,,,,,,,,
GA02HYPM-WFP03-04-CTDPFL000,,,,,,,,,,,,,,,,,,,,,0.03225806451612903,0.4,,,,,,,,,,,,,,,,,,0.03225806451612903,0.03333333333333333,,,,,,,,,,,,
GA02HYPM-WFP03-05-VEL3DL000,,,,,,,,,,,,,,,,,,,,,0.03225806451612903,0.06666666666666667,,,,,,,,,,,,,,,,,,,,,,,,,,,,,,,
GA03FLMA-RIM01-02-ADCPSL003,,,,,,,,,,,,,,,,,,,,,0.4838709677419355,1.0,1.0,0.9666666666666667,0.0967741935483871,,,,0.1,,,,,,,,,,,,,,,,,,,,,,,,
GA03FLMA-RIM01-02-CTDMOG040,,,,,,,,,,,,,,,,,,,,,0.4838709677419355,1.0,1.0,0.9,0.16129032258064516,,,,0.06666666666666667,,,,,,,,,,,,,,,,,,,,,,,,
GA03FLMA-RIM01-02-CTDMOG041,,,,,,,,,,,,,,,,,,,,,0.25806451612903225,1.0,1.0,0.9,0.16129032258064516,,,,0.06666666666666667,,,,,,,,,,,,,,,,,,,,,,,,
GA03FLMA-RIM01-02-CTDMOG042,,,,,,,,,,,,,,,,,,,,,0.4838709677419355,1.0,1.0,0.9,0.16129032258064516,,,,0.06666666666666667,,,,,,,,,,,,,,,,,,,,,,,,
GA03FLMA-RIM01-02-CTDMOG043,,,,,,,,,,,,,,,,,,,,,0.4838709677419355,1.0,1.0,0.9,0.16129032258064516,,,,0.06666666666666667,,,,,,,,,,,,,,,,,,,,,,,,
GA03FLMA-RIM01-02-CTDMOG044,,,,,,,,,,,,,,,,,,,,,0.4838709677419355,1.0,1.0,0.9,0.16129032258064516,,,,0.06666666666666667,,,,,,,,,,,,,,,,,,,,,,,,
GA03FLMA-RIM01-02-CTDMOG045,,,,,,,,,,,,,,,,,,,,,0.4838709677419355,1.0,1.0,0.9,0.16129032258064516,,,,0.06666666666666667,,,,,,,,,,,,,,,,,,,,,,,,
GA03FLMA-RIM01-02-CTDMOG046,,,,,,,,,,,,,,,,,,,,,0.4838709677419355,1.0,1.0,0.9,0.16129032258064516,,,,0.06666666666666667,,,,,,,,,,,,,,,,,,,,,,,,
GA03FLMA-RIM01-02-CTDMOG047,,,,,,,,,,,,,,,,,,,,,0.4838709677419355,1.0,1.0,0.9,0.16129032258064516,,,,0.06666666666666667,,,,,,,,,,,,,,,,,,,,,,,,
GA03FLMA-RIM01-02-CTDMOG048,,,,,,,,,,,,,,,,,,,,,0.4838709677419355,1.0,1.0,0.9,0.16129032258064516,,,,0.06666666666666667,,,,,,,,,,,,,,,,,,,,,,,,
GA03FLMA-RIM01-02-CTDMOH049,,,,,,,,,,,,,,,,,,,,,0.4838709677419355,0.9666666666666667,1.0,0.9,0.16129032258064516,,,,0.06666666666666667,,,,,,,,,,,,,,,,,,,,,,,,
GA03FLMA-RIM01-02-CTDMOH050,,,,,,,,,,,,,,,,,,,,,0.4838709677419355,1.0,1.0,0.9,0.16129032258064516,,,,0.06666666666666667,,,,,,,,,,,,,,,,,,,,,,,,
GA03FLMA-RIM01-02-CTDMOH051,,,,,,,,,,,,,,,,,,,,,0.4838709677419355,1.0,1.0,0.9,0.16129032258064516,,,,0.06666666666666667,,,,,,,,,,,,,,,,,,,,,,,,
GA03FLMA-RIS01-03-DOSTAD000,,,,,,,,,,,,,,,,,,,,,0.4838709677419355,1.0,1.0,0.9333333333333333,0.22580645161290322,,,,0.1,,,,,,,,,,,,,,,,,,,,,,,,
GA03FLMA-RIS01-04-PHSENF000,,,,,,,,,,,,,,,,,,,,,0.45161290322580644,1.0,1.0,0.6333333333333333,0.06451612903225806,,,,0.06666666666666667,,,,,,,,,,,,,,,,,,,,,,,,
GA03FLMA-RIS01-05-FLORTD000,,,,,,,,,,,,,,,,,,,,,0.4838709677419355,1.0,1.0,0.9666666666666667,0.1935483870967742,,,,0.1,,,,,,,,,,,,,,,,,,,,,,,,
GA03FLMB-RIM01-02-ADCPSL007,,,,,,,,,,,,,,,,,,,,,0.3548387096774194,1.0,1.0,0.9333333333333333,0.2903225806451613,,,,0.26666666666666666,0.25806451612903225,,,,,,,,,,,,,,,,,,,,,,,
GA03FLMB-RIM01-02-CTDMOG060,,,,,,,,,,,,,,,,,,,,,0.3548387096774194,1.0,1.0,0.9,0.3225806451612903,,,,0.26666666666666666,0.22580645161290322,,,,,,,,,,,,,,,,,,,,,,,
GA03FLMB-RIM01-02-CTDMOG061,,,,,,,,,,,,,,,,,,,,,0.3548387096774194,1.0,1.0,0.9,0.3225806451612903,,,,0.26666666666666666,0.22580645161290322,,,,,,,,,,,,,,,,,,,,,,,
GA03FLMB-RIM01-02-CTDMOG062,,,,,,,,,,,,,,,,,,,,,0.3548387096774194,1.0,1.0,0.9,0.3225806451612903,,,,0.26666666666666666,0.22580645161290322,,,,,,,,,,,,,,,,,,,,,,,
GA03FLMB-RIM01-02-CTDMOG063,,,,,,,,,,,,,,,,,,,,,0.3548387096774194,1.0,1.0,0.9,0.3225806451612903,,,,0.26666666666666666,0.22580645161290322,,,,,,,,,,,,,,,,,,,,,,,
GA03FLMB-RIM01-02-CTDMOG064,,,,,,,,,,,,,,,,,,,,,0.3548387096774194,1.0,1.0,0.9,0.3225806451612903,,,,0.26666666666666666,0.22580645161290322,,,,,,,,,,,,,,,,,,,,,,,
GA03FLMB-RIM01-02-CTDMOG065,,,,,,,,,,,,,,,,,,,,,0.3548387096774194,1.0,1.0,0.9,0.3225806451612903,,,,0.26666666666666666,0.22580645161290322,,,,,,,,,,,,,,,,,,,,,,,
GA03FLMB-RIM01-02-CTDMOG066,,,,,,,,,,,,,,,,,,,,,0.3548387096774194,1.0,1.0,0.9,0.3225806451612903,,,,0.26666666666666666,0.22580645161290322,,,,,,,,,,,,,,,,,,,,,,,
GA03FLMB-RIM01-02-CTDMOG067,,,,,,,,,,,,,,,,,,,,,0.3548387096774194,1.0,1.0,0.9,0.3225806451612903,,,,0.26666666666666666,0.22580645161290322,,,,,,,,,,,,,,,,,,,,,,,
GA03FLMB-RIM01-02-CTDMOG068,,,,,,,,,,,,,,,,,,,,,0.3548387096774194,1.0,1.0,0.9,0.3225806451612903,,,,0.26666666666666666,0.22580645161290322,,,,,,,,,,,,,,,,,,,,,,,
GA03FLMB-RIM01-02-CTDMOH069,,,,,,,,,,,,,,,,,,,,,0.3548387096774194,1.0,1.0,0.9,0.3225806451612903,,,,0.26666666666666666,0.22580645161290322,,,,,,,,,,,,,,,,,,,,,,,
GA03FLMB-RIM01-02-CTDMOH070,,,,,,,,,,,,,,,,,,,,,0.3548387096774194,1.0,1.0,0.9,0.3225806451612903,,,,0.26666666666666666,0.22580645161290322,,,,,,,,,,,,,,,,,,,,,,,
GA03FLMB-RIM01-02-CTDMOH071,,,,,,,,,,,,,,,,,,,,,0.3548387096774194,1.0,1.0,0.9,0.3225806451612903,,,,0.26666666666666666,0.22580645161290322,,,,,,,,,,,,,,,,,,,,,,,
GA03FLMB-RIS01-03-DOSTAD000,,,,,,,,,,,,,,,,,,,,,0.3548387096774194,1.0,1.0,1.0,0.03225806451612903,,,,0.26666666666666666,0.25806451612903225,,,,,,,,,,,,,,,,,,,,,,,
GA03FLMB-RIS01-04-PHSENF000,,,,,,,,,,,,,,,,,,,,,0.3548387096774194,0.9333333333333333,0.967741935483871,0.8666666666666667,,,,,0.2,0.12903225806451613,,,,,,,,,,,,,,,,,,,,,,,
GA03FLMB-RIS01-05-FLORTD000,,,,,,,,,,,,,,,,,,,,,0.3548387096774194,1.0,1.0,1.0,0.06451612903225806,,,,0.26666666666666666,0.25806451612903225,,,,,,,,,,,,,,,,,,,,,,,
GA05MOAS-GL364-01-FLORDM000,,,,,,,,,,,,,,,,,,,,,,,,,,,,,,,,,,,,,,,,,0.9666666666666667,1.0,1.0,1.0,1.0,1.0,1.0,1.0,1.0,1.0,0.7666666666666667,,
GA05MOAS-GL364-02-DOSTAM000,,,,,,,,,,,,,,,,,,,,,,,,,,,,,,,,,,,,,,,,,0.9666666666666667,1.0,1.0,1.0,1.0,1.0,1.0,1.0,1.0,1.0,0.7666666666666667,,
GA05MOAS-GL364-04-CTDGVM000,,,,,,,,,,,,,,,,,,,,,,,,,,,,,,,,,,,,,,,,,0.9666666666666667,1.0,1.0,1.0,1.0,1.0,1.0,1.0,1.0,1.0,0.7666666666666667,,
GA05MOAS-GL470-01-FLORDM000,,,,,,,,,,,,,,,,,,,,,,,,,,,,,,,,,,,,,,,,,1.0,1.0,1.0,1.0,1.0,0.6666666666666666,,,,,,,
GA05MOAS-GL470-02-DOSTAM000,,,,,,,,,,,,,,,,,,,,,,,,,,,,,,,,,,,,,,,,,1.0,1.0,1.0,1.0,1.0,0.6666666666666666,,,,,,,
GA05MOAS-GL470-04-CTDGVM000,,,,,,,,,,,,,,,,,,,,,,,,,,,,,,,,,,,,,,,,,0.9666666666666667,1.0,1.0,1.0,1.0,0.6333333333333333,,,,,,,
GA05MOAS-GL493-01-FLORDM000,,,,,,,,,,,,,,,,,,,,,0.5483870967741935,0.9666666666666667,1.0,1.0,1.0,1.0,1.0,1.0,0.4,,,,,,,,,,,,,,,,,,,,,,,,
GA05MOAS-GL493-02-DOSTAM000,,,,,,,,,,,,,,,,,,,,,0.5483870967741935,1.0,1.0,1.0,1.0,1.0,1.0,1.0,0.4,,,,,,,,,,,,,,,,,,,,,,,,
GA05MOAS-GL493-04-CTDGVM000,,,,,,,,,,,,,,,,,,,,,0.5483870967741935,1.0,1.0,1.0,1.0,1.0,1.0,1.0,0.4,,,,,,,,,,,,,,,,,,,,,,,,
GA05MOAS-GL494-01-FLORDM000,,,,,,,,,,,,,,,,,,,,,0.3225806451612903,,,,,,,,,,,,,,,,,,,,,,,,,,,,,,,,
GA05MOAS-GL494-02-DOSTAM000,,,,,,,,,,,,,,,,,,,,,0.3225806451612903,,,,,,,,,,,,,,,,,,,,,,,,,,,,,,,,
GA05MOAS-GL494-04-CTDGVM000,,,,,,,,,,,,,,,,,,,,,0.3225806451612903,,,,,,,,,,,,,,,,,,,,,,,,,,,,,,,,
GA05MOAS-GL495-01-FLORDM000,,,,,,,,,,,,,,,,,,,,,,,,,,,,,,,,,,,,,,,,,,,,,,,,,,,,,
GA05MOAS-GL495-02-DOSTAM000,,,,,,,,,,,,,,,,,,,,,,,,,,,,,,,,,,,,,,,,,,,,,,,,,,,,,
GA05MOAS-GL495-04-CTDGVM000,,,,,,,,,,,,,,,,,,,,,,,,,,,,,,,,,,,,,,,,,,,,,,,,,,,,,
GA05MOAS-GL496-01-FLORDM000,,,,,,,,,,,,,,,,,,,,,0.5806451612903226,1.0,1.0,1.0,1.0,1.0,1.0,1.0,1.0,0.4838709677419355,,,,,,,,,,,,,,,,,,,,,,,
GA05MOAS-GL496-02-DOSTAM000,,,,,,,,,,,,,,,,,,,,,0.5806451612903226,1.0,1.0,1.0,1.0,1.0,1.0,1.0,1.0,0.4838709677419355,,,,,,,,,,,,,,,,,,,,,,,
GA05MOAS-GL496-04-CTDGVM000,,,,,,,,,,,,,,,,,,,,,0.5806451612903226,1.0,1.0,1.0,1.0,1.0,1.0,1.0,1.0,0.4838709677419355,,,,,,,,,,,,,,,,,,,,,,,
GA05MOAS-GL538-01-FLORDM000,,,,,,,,,,,,,,,,,,,,,,,,,,,,,0.23333333333333334,1.0,1.0,1.0,0.967741935483871,1.0,1.0,1.0,1.0,1.0,0.3333333333333333,0.03225806451612903,,,,,,,,,,,,,
GA05MOAS-GL538-02-DOSTAM000,,,,,,,,,,,,,,,,,,,,,,,,,,,,,0.23333333333333334,1.0,1.0,1.0,1.0,1.0,1.0,1.0,1.0,1.0,0.3333333333333333,0.03225806451612903,,,,,,,,,,,,,
GA05MOAS-GL538-04-CTDGVM000,,,,,,,,,,,,,,,,,,,,,,,,,,,,,0.23333333333333334,1.0,1.0,1.0,1.0,1.0,1.0,1.0,1.0,1.0,0.3333333333333333,0.03225806451612903,,,,,,,,,,,,,
GA05MOAS-PG562-01-CTDGVM000,,,,,,,,,,,,,,,,,,,,,,,,,,,,,0.23333333333333334,1.0,1.0,1.0,1.0,1.0,0.9354838709677419,1.0,0.8064516129032258,,,,,,,,,,,,,,,,
GA05MOAS-PG562-02-DOSTAM000,,,,,,,,,,,,,,,,,,,,,,,,,,,,,0.23333333333333334,1.0,1.0,1.0,1.0,1.0,0.9354838709677419,1.0,0.8064516129032258,,,,,,,,,,,,,,,,
GA05MOAS-PG562-03-FLORTM000,,,,,,,,,,,,,,,,,,,,,,,,,,,,,,,,,,,,0.3,,,,,,,,,,,,,,,,,
GA05MOAS-PG562-04-FLORTO000,,,,,,,,,,,,,,,,,,,,,,,,,,,,,,,,,,,,0.3,,,,,,,,,,,,,,,,,
GA05MOAS-PG562-05-NUTNRM000,,,,,,,,,,,,,,,,,,,,,,,,,,,,,0.23333333333333334,1.0,1.0,1.0,1.0,1.0,0.9354838709677419,1.0,0.8064516129032258,,,,,,,,,,,,,,,,
GA05MOAS-PG562-06-PARADM000,,,,,,,,,,,,,,,,,,,,,,,,,,,,,0.2,1.0,1.0,1.0,1.0,1.0,0.9354838709677419,1.0,0.8064516129032258,,,,,,,,,,,,,,,,
GA05MOAS-PG563-01-CTDGVM000,,,,,,,,,,,,,,,,,,,,,,,,,,,,,0.23333333333333334,1.0,0.967741935483871,,,,,,,,,,,,,,,,,,,,,,
GA05MOAS-PG563-02-DOSTAM000,,,,,,,,,,,,,,,,,,,,,,,,,,,,,0.23333333333333334,0.967741935483871,0.967741935483871,,,,,,,,,,,,,,,,,,,,,,
GA05MOAS-PG563-03-FLORTM000,,,,,,,,,,,,,,,,,,,,,,,,,,,,,,,,,,,,,,,,,,,,,,,,,,,,,
GA05MOAS-PG563-04-FLORTO000,,,,,,,,,,,,,,,,,,,,,,,,,,,,,,,,,,,,,,,,,,,,,,,,,,,,,
GA05MOAS-PG563-05-NUTNRM000,,,,,,,,,,,,,,,,,,,,,,,,,,,,,0.23333333333333334,1.0,0.967741935483871,,,,,,,,,,,,,,,,,,,,,,
GA05MOAS-PG563-06-PARADM000,,,,,,,,,,,,,,,,,,,,,,,,,,,,,0.2,1.0,0.967741935483871,,,,,,,,,,,,,,,,,,,,,,
GA05MOAS-PG578-01-CTDGVM000,,,,,,,,,,,,,,,,,,,,,,,,,,,,,,,,,,,,,,,,,1.0,1.0,1.0,0.9642857142857143,1.0,0.9666666666666667,0.9354838709677419,0.5666666666666667,,,,,
GA05MOAS-PG578-02-DOSTAM000,,,,,,,,,,,,,,,,,,,,,,,,,,,,,,,,,,,,,,,,,1.0,1.0,1.0,1.0,1.0,0.9666666666666667,0.9354838709677419,0.5666666666666667,,,,,
GA05MOAS-PG578-03-FLORTM000,,,,,,,,,,,,,,,,,,,,,,,,,,,,,,,,,,,,,,,,,0.3,1.0,1.0,1.0,1.0,1.0,1.0,0.6333333333333333,,,,,
GA05MOAS-PG578-04-FLORTO000,,,,,,,,,,,,,,,,,,,,,,,,,,,,,,,,,,,,,,,,,,,,,,,,,,,,,
GA05MOAS-PG578-05-NUTNRM000,,,,,,,,,,,,,,,,,,,,,,,,,,,,,,,,,,,,,,,,,1.0,1.0,1.0,1.0,1.0,1.0,1.0,0.6333333333333333,,,,,
GA05MOAS-PG578-06-PARADM000,,,,,,,,,,,,,,,,,,,,,,,,,,,,,,,,,,,,,,,,,1.0,1.0,0.967741935483871,1.0,1.0,0.9666666666666667,0.9354838709677419,0.5666666666666667,,,,,
GA05MOAS-PG580-01-CTDGVM000,,,,,,,,,,,,,,,,,,,,,,,,,,,,,,,,,,,,,,,,,,,,,,,,,,,,,
GA05MOAS-PG580-02-DOSTAM000,,,,,,,,,,,,,,,,,,,,,,,,,,,,,,,,,,,,,,,,,,,,,,,,,,,,,
GA05MOAS-PG580-03-FLORTM000,,,,,,,,,,,,,,,,,,,,,,,,,,,,,,,,,,,,,,,,,,,,,,,,,,,,,
GA05MOAS-PG580-04-FLORTO000,,,,,,,,,,,,,,,,,,,,,,,,,,,,,,,,,,,,,,,,,,,,,,,,,,,,,
GA05MOAS-PG580-05-NUTNRM000,,,,,,,,,,,,,,,,,,,,,,,,,,,,,,,,,,,,,,,,,,,,,,,,,,,,,
GA05MOAS-PG580-06-PARADM000,,,,,,,,,,,,,,,,,,,,,,,,,,,,,,,,,,,,,,,,,,,,,,,,,,,,,
GI01SUMO-RID16-01-OPTAAD000,,,,,,,,,,,,,,,0.1,,,,,,,,,0.3,0.03225806451612903,0.45161290322580644,0.8666666666666667,0.8709677419354839,0.8333333333333334,0.8709677419354839,0.8387096774193549,0.8620689655172413,0.06451612903225806,0.4,0.8387096774193549,0.7333333333333333,0.7741935483870968,0.8709677419354839,0.8666666666666667,0.8387096774193549,0.9,1.0,0.2903225806451613,,,,,,,0.7419354838709677,0.8666666666666667,,
GI01SUMO-RID16-02-FLORTD000,,,,,,,,,,,,,,,,,,,,,,,,0.6333333333333333,0.16129032258064516,0.45161290322580644,0.8666666666666667,0.8709677419354839,0.8333333333333334,0.8709677419354839,0.8387096774193549,0.8620689655172413,0.06451612903225806,0.4,0.8387096774193549,0.8,0.9032258064516129,0.8709677419354839,0.8666666666666667,0.8387096774193549,0.9,1.0,0.2903225806451613,,,,,,,0.7419354838709677,0.8666666666666667,,
GI01SUMO-RID16-03-CTDBPF000,,,,,,,,,,,,,,,0.3,,,,,,,,,0.5333333333333333,,,0.03333333333333333,,,,,,,,,,0.7096774193548387,0.3225806451612903,0.2,0.22580645161290322,0.26666666666666666,0.12903225806451613,0.06451612903225806,,,,,,,0.8709677419354839,1.0,,
GI01SUMO-RID16-04-VELPTA000,,,,,,,,,,,,,,,0.3,,,,,,,,,0.6666666666666666,0.16129032258064516,0.5161290322580645,0.9333333333333333,0.9032258064516129,0.9,0.9354838709677419,0.9354838709677419,0.9310344827586207,0.06451612903225806,0.43333333333333335,0.9032258064516129,0.9,0.9354838709677419,1.0,0.6,,,,,,,,,,,0.8709677419354839,1.0,,
GI01SUMO-RID16-05-PCO2WB000,,,,,,,,,,,,,,,0.03333333333333333,,,,,,,,,0.13333333333333333,0.03225806451612903,,,,,,,,,,,,0.06451612903225806,,,,,,,,,,,,,0.22580645161290322,0.26666666666666666,,
GI01SUMO-RID16-06-DOSTAD000,,,,,,,,,,,,,,,,,,,,,,,,,,0.45161290322580644,0.8666666666666667,0.8709677419354839,0.8333333333333334,0.8709677419354839,0.8387096774193549,0.8620689655172413,0.06451612903225806,0.4,0.8387096774193549,0.7,0.7741935483870968,0.8709677419354839,0.8666666666666667,0.8387096774193549,0.9333333333333333,1.0,0.2903225806451613,,,,,,,0.7419354838709677,1.0,,
GI01SUMO-RID16-07-NUTNRB000,,,,,,,,,,,,,,,,,,,,,,,,,,0.5483870967741935,1.0,0.2903225806451613,,,,,,,,,0.7096774193548387,1.0,1.0,1.0,1.0,1.0,0.2903225806451613,,,,,,,0.8709677419354839,1.0,,
GI01SUMO-RID16-08-SPKIRB000,,,,,,,,,,,,,,,0.23333333333333334,,,,,,,,,0.26666666666666666,0.16129032258064516,0.45161290322580644,0.8333333333333334,0.8709677419354839,0.8333333333333334,0.8709677419354839,0.8387096774193549,0.8620689655172413,,0.4,0.8387096774193549,0.8,0.9032258064516129,0.8709677419354839,0.8666666666666667,0.8387096774193549,0.9,1.0,0.2903225806451613,,,,,,,0.7419354838709677,0.8666666666666667,,
GI01SUMO-RII11-02-ADCPSN010,,,,,,,,,,,,,,,0.3,,,,,,,,,,,0.5483870967741935,1.0,1.0,0.7333333333333333,0.9354838709677419,1.0,1.0,0.03225806451612903,0.7666666666666667,0.6451612903225806,0.9666666666666667,1.0,1.0,1.0,1.0,1.0,1.0,0.3225806451612903,,0.06451612903225806,0.3,,,,0.8709677419354839,1.0,,
GI01SUMO-RII11-02-CTDBPP031,,,,,,,,,,,,,,,,,,,,,,,,,,0.5483870967741935,1.0,1.0,0.26666666666666666,,,,,,,,0.7096774193548387,1.0,1.0,1.0,1.0,1.0,0.3225806451612903,,,,,,,0.8709677419354839,1.0,,
GI01SUMO-RII11-02-CTDBPP032,,,,,,,,,,,,,,,,,,,,,,,,,,0.5483870967741935,1.0,1.0,0.5333333333333333,0.8064516129032258,1.0,1.0,0.03225806451612903,0.03333333333333333,,,0.7096774193548387,1.0,1.0,1.0,0.9,,,,,,,,,0.8709677419354839,1.0,,
GI01SUMO-RII11-02-CTDBPP033,,,,,,,,,,,,,,,,,,,,,,,,,,0.5483870967741935,1.0,1.0,0.5333333333333333,0.8064516129032258,1.0,1.0,0.03225806451612903,0.6,0.6451612903225806,0.36666666666666664,0.7096774193548387,1.0,1.0,1.0,1.0,1.0,0.3225806451612903,,,0.2,,,,0.8709677419354839,1.0,,
GI01SUMO-RII11-02-CTDMOQ011,,,,,,,,,,,,,,,0.3,,,,,,,,,,,0.5483870967741935,1.0,1.0,0.5666666666666667,0.8387096774193549,1.0,1.0,0.03225806451612903,0.6333333333333333,0.6451612903225806,0.8333333333333334,1.0,1.0,1.0,1.0,1.0,1.0,0.3225806451612903,,,0.23333333333333334,,,,0.8709677419354839,1.0,,
GI01SUMO-RII11-02-CTDMOQ012,,,,,,,,,,,,,,,0.3,,,,,,,,,,,0.5483870967741935,1.0,1.0,0.5666666666666667,0.8387096774193549,1.0,1.0,0.03225806451612903,0.6333333333333333,0.6451612903225806,0.8333333333333334,1.0,1.0,1.0,1.0,1.0,1.0,0.3225806451612903,,,0.23333333333333334,,,,0.8709677419354839,1.0,,
GI01SUMO-RII11-02-CTDMOQ013,,,,,,,,,,,,,,,0.3,,,,,,,,,,,0.5483870967741935,1.0,1.0,0.5666666666666667,0.8387096774193549,1.0,1.0,0.03225806451612903,0.6333333333333333,0.6451612903225806,0.8333333333333334,1.0,1.0,1.0,1.0,1.0,1.0,0.3225806451612903,,,0.23333333333333334,,,,0.8709677419354839,1.0,,
GI01SUMO-RII11-02-CTDMOQ014,,,,,,,,,,,,,,,0.3,,,,,,,,,,,0.5483870967741935,1.0,1.0,0.5666666666666667,0.8387096774193549,1.0,1.0,0.03225806451612903,0.6333333333333333,0.6451612903225806,0.8333333333333334,1.0,1.0,1.0,1.0,1.0,1.0,0.3225806451612903,,,0.23333333333333334,,,,0.8709677419354839,1.0,,
GI01SUMO-RII11-02-CTDMOQ015,,,,,,,,,,,,,,,0.3,,,,,,,,,,,0.5483870967741935,1.0,1.0,0.5666666666666667,0.8387096774193549,1.0,1.0,0.03225806451612903,0.6333333333333333,0.6451612903225806,0.8333333333333334,1.0,1.0,1.0,1.0,1.0,1.0,0.3225806451612903,,,0.23333333333333334,,,,0.8709677419354839,1.0,,
GI01SUMO-RII11-02-CTDMOQ016,,,,,,,,,,,,,,,0.3,,,,,,,,,,,0.5483870967741935,1.0,1.0,0.5666666666666667,0.8387096774193549,1.0,1.0,0.03225806451612903,0.6333333333333333,0.6451612903225806,0.8333333333333334,1.0,1.0,1.0,1.0,1.0,1.0,0.3225806451612903,,,0.23333333333333334,,,,0.8709677419354839,1.0,,
GI01SUMO-RII11-02-CTDMOQ017,,,,,,,,,,,,,,,0.3,,,,,,,,,,,0.5483870967741935,1.0,1.0,0.5666666666666667,0.8387096774193549,1.0,1.0,0.03225806451612903,0.6333333333333333,0.6451612903225806,0.8333333333333334,1.0,1.0,1.0,1.0,1.0,1.0,0.3225806451612903,,,0.23333333333333334,,,,0.8709677419354839,1.0,,
GI01SUMO-RII11-02-CTDMOQ031,,,,,,,,,,,,,,,0.3,,,,,,,,,,,,,,,,,,,,,,,,,,,,,,,,,,,,,,
GI01SUMO-RII11-02-CTDMOQ033,,,,,,,,,,,,,,,0.3,,,,,,,,,,,,,,,,,,,,,,,,,,,,,,,,,,,,,,
GI01SUMO-RII11-02-CTDMOR018,,,,,,,,,,,,,,,0.3,,,,,,,,,,,0.5483870967741935,1.0,1.0,0.5666666666666667,0.8387096774193549,1.0,1.0,0.03225806451612903,0.6333333333333333,0.6451612903225806,0.8333333333333334,1.0,1.0,1.0,1.0,1.0,1.0,0.3225806451612903,,,0.23333333333333334,,,,0.8709677419354839,1.0,,
GI01SUMO-RII11-02-CTDMOR019,,,,,,,,,,,,,,,0.3,,,,,,,,,,,0.5483870967741935,1.0,1.0,0.5666666666666667,0.8387096774193549,1.0,1.0,0.03225806451612903,0.6333333333333333,0.6451612903225806,0.8333333333333334,1.0,1.0,1.0,1.0,1.0,1.0,0.3225806451612903,,,0.23333333333333334,,,,0.8709677419354839,1.0,,
GI01SUMO-RII11-02-CTDMOR020,,,,,,,,,,,,,,,0.3,,,,,,,,,,,0.5483870967741935,1.0,1.0,0.5666666666666667,0.8387096774193549,1.0,1.0,0.03225806451612903,0.6333333333333333,0.6451612903225806,0.8333333333333334,1.0,1.0,1.0,1.0,1.0,1.0,0.3225806451612903,,,0.23333333333333334,,,,0.8709677419354839,1.0,,
GI01SUMO-RII11-02-DOSTAD031,,,,,,,,,,,,,,,,,,,,,,,,,,0.5483870967741935,1.0,1.0,0.26666666666666666,,,,,,,,0.7096774193548387,1.0,1.0,1.0,1.0,1.0,0.3225806451612903,,,,,,,0.8709677419354839,1.0,,
GI01SUMO-RII11-02-DOSTAD032,,,,,,,,,,,,,,,,,,,,,,,,,,0.5483870967741935,1.0,1.0,0.5333333333333333,0.8064516129032258,1.0,1.0,0.03225806451612903,0.03333333333333333,,,0.7096774193548387,1.0,1.0,1.0,0.9,,,,,,,,,0.8709677419354839,1.0,,
GI01SUMO-RII11-02-DOSTAD033,,,,,,,,,,,,,,,,,,,,,,,,,,0.5483870967741935,1.0,1.0,0.5333333333333333,0.8064516129032258,1.0,1.0,0.03225806451612903,0.6,0.6451612903225806,0.36666666666666664,0.7096774193548387,1.0,1.0,1.0,1.0,1.0,0.3225806451612903,,,0.2,,,,0.8709677419354839,1.0,,
GI01SUMO-RII11-02-FLORDG031,,,,,,,,,,,,,,,,,,,,,,,,,,0.5483870967741935,1.0,1.0,0.26666666666666666,,,,,,,,0.7096774193548387,1.0,1.0,1.0,1.0,1.0,0.3225806451612903,,,,,,,0.8709677419354839,1.0,,
GI01SUMO-RII11-02-FLORDG032,,,,,,,,,,,,,,,,,,,,,,,,,,0.5483870967741935,1.0,1.0,0.5333333333333333,0.8064516129032258,1.0,1.0,0.03225806451612903,0.03333333333333333,,,0.7096774193548387,1.0,1.0,1.0,0.9,,,,,,,,,0.8709677419354839,1.0,,
GI01SUMO-RII11-02-FLORDG033,,,,,,,,,,,,,,,,,,,,,,,,,,0.5483870967741935,1.0,1.0,0.5333333333333333,0.8064516129032258,1.0,1.0,0.03225806451612903,0.6,0.6451612903225806,0.36666666666666664,0.7096774193548387,1.0,1.0,1.0,1.0,1.0,0.3225806451612903,,,0.2,,,,0.8709677419354839,1.0,,
GI01SUMO-RII11-02-PCO2WC051,,,,,,,,,,,,,,,,,,,,,,,,,,0.0967741935483871,0.2,,,,,,,,,,0.03225806451612903,,,,,,,,,,,,,0.22580645161290322,0.3,,
GI01SUMO-RII11-02-PCO2WC052,,,,,,,,,,,,,,,,,,,,,,,,,,0.12903225806451613,,,,,,,,,,,0.1935483870967742,,,,,,,,,,,,,0.03225806451612903,,,
GI01SUMO-RII11-02-PCO2WC053,,,,,,,,,,,,,,,,,,,,,,,,,,0.12903225806451613,0.3,0.25806451612903225,0.16666666666666666,0.22580645161290322,0.2903225806451613,0.27586206896551724,,0.2,0.1935483870967742,0.23333333333333334,0.3548387096774194,0.2903225806451613,0.26666666666666666,0.2903225806451613,0.26666666666666666,0.2903225806451613,0.0967741935483871,,,0.1,,,,0.22580645161290322,0.1,,
GI01SUMO-RII11-02-PHSENE041,,,,,,,,,,,,,,,0.3,,,,,,,,,,,0.5483870967741935,1.0,1.0,0.5333333333333333,0.2903225806451613,,,,,,,0.25806451612903225,,,,,,,,,,,,,0.8709677419354839,0.23333333333333334,,
GI01SUMO-RII11-02-PHSENE042,,,,,,,,,,,,,,,0.3,,,,,,,,,,,0.5483870967741935,1.0,1.0,0.5666666666666667,0.8709677419354839,1.0,0.4827586206896552,,,,,0.6774193548387096,1.0,1.0,1.0,1.0,1.0,0.3225806451612903,,,,,,,0.8709677419354839,1.0,,
GI01SUMO-SBD11-04-DOSTAD000,,,,,,,,,,,,,,,0.23333333333333334,,,,,,,,,,,0.45161290322580644,0.8666666666666667,0.8709677419354839,0.8333333333333334,0.8709677419354839,0.8064516129032258,,,,,,0.6129032258064516,0.8709677419354839,0.8666666666666667,0.8387096774193549,0.9333333333333333,1.0,0.3225806451612903,,,0.16666666666666666,,,,0.7419354838709677,0.8666666666666667,,
GI01SUMO-SBD11-05-SPKIRB000,,,,,,,,,,,,,,,0.23333333333333334,,,,,,,,,,0.12903225806451613,0.45161290322580644,0.8666666666666667,0.8709677419354839,0.8333333333333334,0.8709677419354839,0.7419354838709677,,,,,,0.6129032258064516,0.8709677419354839,0.8666666666666667,0.8387096774193549,0.9,1.0,0.2903225806451613,,,,,,,0.7419354838709677,0.8666666666666667,,
GI01SUMO-SBD11-06-METBKA000,,,,,,,,,,,,,,,,,,,,,,,,,,,,,,,,,,,,,,,,,,,,,,,,,,,,,
GI01SUMO-SBD11-08-NUTNRB000,,,,,,,,,,,,,,,,,,,,,,,,,,0.5483870967741935,1.0,1.0,1.0,1.0,0.9354838709677419,,,,,,,,,,,,,,,,,,,,,,
GI01SUMO-SBD12-01-OPTAAD000,,,,,,,,,,,,,,,0.23333333333333334,,,,,,,,,,,0.45161290322580644,0.8666666666666667,0.8709677419354839,0.8333333333333334,0.8709677419354839,0.7096774193548387,,,0.1,,,0.6129032258064516,0.8709677419354839,0.8666666666666667,0.8387096774193549,0.9,1.0,0.2903225806451613,,,,,,,0.7419354838709677,0.8666666666666667,,
GI01SUMO-SBD12-02-FLORTD000,,,,,,,,,,,,,,,0.23333333333333334,,,,,,,,,,,0.45161290322580644,0.8666666666666667,0.8709677419354839,0.8333333333333334,0.8709677419354839,0.8387096774193549,0.6206896551724138,,0.3,0.5161290322580645,,0.6129032258064516,0.8709677419354839,0.8666666666666667,0.8387096774193549,0.9,1.0,0.2903225806451613,,,,,,,0.6129032258064516,0.23333333333333334,,
GI01SUMO-SBD12-04-PCO2AA000,,,,,,,,,,,,,,,0.3,,,,,,,,,0.03333333333333333,,0.5483870967741935,1.0,1.0,1.0,1.0,0.8709677419354839,,,,,,0.7096774193548387,1.0,1.0,1.0,0.7666666666666667,0.1935483870967742,0.03225806451612903,,,,,,,0.8709677419354839,1.0,,
GI01SUMO-SBD12-05-WAVSSA000,,,,,,,,,,,,,,,0.3,,,,,,,,,,,,,,,,,,,,,,0.7096774193548387,1.0,1.0,1.0,0.8,0.3225806451612903,0.06451612903225806,,,,,,,0.8709677419354839,1.0,,
GI01SUMO-SBD12-06-METBKA000,,,,,,,,,,,,,,,,,,,,,,,,,,,,,,,,,,,,,,,,,,,,,,,,,,,,,
GI01SUMO-SBD12-08-FDCHPA000,,,,,,,,,,,,,,,0.3,,,,,,,,,,,0.5483870967741935,1.0,1.0,1.0,1.0,1.0,,,0.1,,,0.7096774193548387,1.0,1.0,1.0,0.7666666666666667,0.22580645161290322,0.03225806451612903,,,,,,,0.8709677419354839,1.0,,
GI02HYPM-RIM01-02-CTDMOG039,,,,,,,,,,,,,,,,,,,,,,,,,,0.4838709677419355,1.0,0.967741935483871,0.4,,,,,,,,0.6774193548387096,0.3225806451612903,,,,,,,,,,,,0.7096774193548387,,,
GI02HYPM-WFP02-01-FLORDL000,,,,,,,,,,,,,,,0.5333333333333333,0.967741935483871,0.8333333333333334,0.3225806451612903,,,,,,,,,,,,,,,,,,,0.6451612903225806,0.22580645161290322,,,,,,,,,,,,0.41935483870967744,,,
GI02HYPM-WFP02-03-DOSTAL000,,,,,,,,,,,,,,,0.5333333333333333,0.967741935483871,0.8333333333333334,0.3225806451612903,,,,,,,,,,,,,,,,,,,0.6451612903225806,0.22580645161290322,,,,,,,,,,,,0.41935483870967744,,,
GI02HYPM-WFP02-04-CTDPFL000,,,,,,,,,,,,,,,0.5666666666666667,1.0,0.9666666666666667,0.2903225806451613,,,,,,,,,,,,,,,,,,,0.6451612903225806,0.25806451612903225,,,,,,,,,,,,0.4838709677419355,,,
GI02HYPM-WFP02-05-VEL3DL000,,,,,,,,,,,,,,,,0.03225806451612903,0.03333333333333333,0.1935483870967742,,,,,,,,,,,,,,,,,,,0.5806451612903226,0.16129032258064516,,,,,,,,,,,,0.3870967741935484,,,
GI03FLMA-RI000-00-CTDMOH000,,,,,,,,,,,,,,,0.6333333333333333,1.0,1.0,1.0,1.0,1.0,1.0,1.0,1.0,1.0,1.0,1.0,1.0,1.0,1.0,1.0,1.0,1.0,1.0,1.0,1.0,1.0,1.0,1.0,1.0,1.0,1.0,1.0,1.0,1.0,1.0,1.0,1.0,1.0,1.0,0.3870967741935484,,,
GI03FLMA-RI000-00-CTDMOH100,,,,,,,,,,,,,,,0.6333333333333333,1.0,1.0,1.0,1.0,1.0,1.0,1.0,1.0,1.0,1.0,1.0,1.0,1.0,1.0,1.0,1.0,1.0,1.0,1.0,1.0,1.0,1.0,1.0,1.0,1.0,1.0,1.0,1.0,1.0,1.0,1.0,1.0,1.0,1.0,0.3870967741935484,,,
GI03FLMA-RI000-00-CTDMOH400,,,,,,,,,,,,,,,0.6333333333333333,1.0,1.0,1.0,1.0,1.0,1.0,1.0,1.0,1.0,1.0,1.0,1.0,1.0,1.0,1.0,1.0,1.0,1.0,1.0,1.0,1.0,1.0,1.0,1.0,1.0,1.0,1.0,1.0,1.0,1.0,1.0,1.0,1.0,1.0,0.3870967741935484,,,
GI03FLMA-RI000-00-CTDMOH700,,,,,,,,,,,,,,,0.6333333333333333,1.0,1.0,1.0,1.0,1.0,1.0,1.0,1.0,1.0,1.0,1.0,1.0,1.0,1.0,1.0,1.0,1.0,1.0,1.0,1.0,1.0,1.0,1.0,1.0,1.0,1.0,1.0,1.0,1.0,1.0,1.0,1.0,1.0,1.0,0.3870967741935484,,,
GI03FLMA-RI000-00-VELPTB000,,,,,,,,,,,,,,,0.6333333333333333,1.0,1.0,1.0,1.0,1.0,1.0,1.0,1.0,1.0,1.0,1.0,1.0,1.0,1.0,1.0,1.0,1.0,1.0,1.0,1.0,1.0,1.0,1.0,1.0,1.0,1.0,1.0,1.0,1.0,1.0,1.0,1.0,1.0,1.0,0.3870967741935484,,,
GI03FLMA-RI000-00-VELPTB100,,,,,,,,,,,,,,,0.6333333333333333,1.0,1.0,1.0,1.0,1.0,1.0,1.0,1.0,1.0,1.0,1.0,1.0,1.0,1.0,1.0,1.0,1.0,1.0,1.0,1.0,1.0,1.0,1.0,1.0,1.0,1.0,1.0,1.0,1.0,1.0,1.0,1.0,1.0,1.0,0.3870967741935484,,,
GI03FLMA-RI000-00-VELPTB400,,,,,,,,,,,,,,,0.6333333333333333,1.0,1.0,1.0,1.0,1.0,1.0,1.0,1.0,1.0,1.0,1.0,1.0,1.0,1.0,1.0,1.0,1.0,1.0,1.0,1.0,1.0,1.0,1.0,1.0,1.0,1.0,1.0,1.0,1.0,1.0,1.0,1.0,1.0,1.0,0.3870967741935484,,,
GI03FLMA-RI000-00-VELPTB700,,,,,,,,,,,,,,,0.6333333333333333,1.0,1.0,1.0,1.0,1.0,1.0,1.0,1.0,1.0,1.0,1.0,1.0,1.0,1.0,1.0,1.0,1.0,1.0,1.0,1.0,1.0,1.0,1.0,1.0,1.0,1.0,1.0,1.0,1.0,1.0,1.0,1.0,1.0,1.0,0.3870967741935484,,,
GI03FLMA-RIM01-02-ADCPSL003,,,,,,,,,,,,,,,0.6,1.0,1.0,0.967741935483871,0.8064516129032258,,,,,,,0.41935483870967744,1.0,1.0,,,,,,,,,0.6451612903225806,1.0,1.0,0.7419354838709677,,,,,,,,,,0.7741935483870968,0.9,,
GI03FLMA-RIM01-02-CTDMOG040,,,,,,,,,,,,,,,,,,,,,,,,,,0.41935483870967744,1.0,1.0,,,,,,,,,0.6451612903225806,1.0,1.0,0.8387096774193549,,,,,,,,,,0.7741935483870968,0.9,,
GI03FLMA-RIM01-02-CTDMOG041,,,,,,,,,,,,,,,,,,,,,,,,,,0.41935483870967744,1.0,1.0,,,,,,,,,0.6451612903225806,1.0,1.0,0.8387096774193549,,,,,,,,,,0.7741935483870968,0.9,,
GI03FLMA-RIM01-02-CTDMOG042,,,,,,,,,,,,,,,,,,,,,,,,,,0.41935483870967744,1.0,1.0,,,,,,,,,0.6451612903225806,1.0,1.0,0.8387096774193549,,,,,,,,,,0.7741935483870968,0.9,,
GI03FLMA-RIM01-02-CTDMOG043,,,,,,,,,,,,,,,,,,,,,,,,,,0.41935483870967744,1.0,1.0,,,,,,,,,0.6451612903225806,1.0,1.0,0.8387096774193549,,,,,,,,,,0.7741935483870968,0.9,,
GI03FLMA-RIM01-02-CTDMOG044,,,,,,,,,,,,,,,,,,,,,,,,,,0.41935483870967744,1.0,1.0,,,,,,,,,0.6451612903225806,1.0,1.0,0.8387096774193549,,,,,,,,,,0.7741935483870968,0.9,,
GI03FLMA-RIM01-02-CTDMOG045,,,,,,,,,,,,,,,,,,,,,,,,,,0.41935483870967744,1.0,1.0,,,,,,,,,0.6451612903225806,1.0,1.0,0.8387096774193549,,,,,,,,,,0.7741935483870968,0.9,,
GI03FLMA-RIM01-02-CTDMOG046,,,,,,,,,,,,,,,,,,,,,,,,,,0.41935483870967744,1.0,1.0,,,,,,,,,0.6451612903225806,1.0,1.0,0.8387096774193549,,,,,,,,,,0.7741935483870968,0.9,,
GI03FLMA-RIM01-02-CTDMOG047,,,,,,,,,,,,,,,,,,,,,,,,,,0.41935483870967744,1.0,1.0,,,,,,,,,0.6451612903225806,1.0,1.0,0.8387096774193549,,,,,,,,,,0.7741935483870968,0.9,,
GI03FLMA-RIM01-02-CTDMOG048,,,,,,,,,,,,,,,,,,,,,,,,,,0.41935483870967744,1.0,1.0,,,,,,,,,0.6451612903225806,1.0,1.0,0.8387096774193549,,,,,,,,,,0.7741935483870968,0.9,,
GI03FLMA-RIM01-02-CTDMOH049,,,,,,,,,,,,,,,,,,,,,,,,,,0.41935483870967744,1.0,1.0,,,,,,,,,0.6451612903225806,1.0,1.0,0.8387096774193549,,,,,,,,,,0.7741935483870968,0.9,,
GI03FLMA-RIM01-02-CTDMOH050,,,,,,,,,,,,,,,,,,,,,,,,,,0.41935483870967744,1.0,1.0,,,,,,,,,0.6451612903225806,1.0,1.0,0.8387096774193549,,,,,,,,,,0.7741935483870968,0.9,,
GI03FLMA-RIM01-02-CTDMOH051,,,,,,,,,,,,,,,,,,,,,,,,,,0.41935483870967744,1.0,1.0,,,,,,,,,0.6451612903225806,1.0,1.0,0.8387096774193549,,,,,,,,,,0.7741935483870968,0.9,,
GI03FLMA-RIS01-03-DOSTAD000,,,,,,,,,,,,,,,0.6,1.0,1.0,0.967741935483871,0.8387096774193549,,,,,,,0.41935483870967744,1.0,0.967741935483871,,,,,,,,,0.6451612903225806,0.967741935483871,,,,,,,,,,,,0.7741935483870968,0.9,,
GI03FLMA-RIS01-04-PHSENF000,,,,,,,,,,,,,,,0.5666666666666667,1.0,1.0,0.7741935483870968,0.3548387096774194,,,,,,,0.3870967741935484,0.9,0.7741935483870968,,,,,,,,,0.5483870967741935,0.8709677419354839,,,,,,,,,,,,0.7741935483870968,0.7,,
GI03FLMA-RIS01-05-FLORTD000,,,,,,,,,,,,,,,0.6,1.0,1.0,1.0,0.8387096774193549,,,,,,,0.41935483870967744,1.0,1.0,,,,,,,,,0.6451612903225806,0.967741935483871,,,,,,,,,,,,0.7741935483870968,0.9,,
GI03FLMB-RI000-00-CTDMOH000,,,,,,,,,,,,,,,0.5,1.0,1.0,1.0,1.0,1.0,1.0,1.0,1.0,1.0,1.0,1.0,1.0,1.0,1.0,1.0,1.0,1.0,1.0,1.0,1.0,1.0,1.0,1.0,1.0,1.0,1.0,1.0,1.0,1.0,1.0,1.0,1.0,1.0,1.0,0.3548387096774194,,,
GI03FLMB-RI000-00-CTDMOH100,,,,,,,,,,,,,,,0.5,1.0,1.0,1.0,1.0,1.0,1.0,1.0,1.0,1.0,1.0,1.0,1.0,1.0,1.0,1.0,1.0,1.0,1.0,1.0,1.0,1.0,1.0,1.0,1.0,1.0,1.0,1.0,1.0,1.0,1.0,1.0,1.0,1.0,1.0,0.3548387096774194,,,
GI03FLMB-RI000-00-CTDMOH400,,,,,,,,,,,,,,,0.5,1.0,1.0,1.0,1.0,1.0,1.0,1.0,1.0,1.0,1.0,1.0,1.0,1.0,1.0,1.0,1.0,1.0,1.0,1.0,1.0,1.0,1.0,1.0,1.0,1.0,1.0,1.0,1.0,1.0,1.0,1.0,1.0,1.0,1.0,0.3548387096774194,,,
GI03FLMB-RI000-00-CTDMOH700,,,,,,,,,,,,,,,0.5,1.0,1.0,1.0,1.0,1.0,1.0,1.0,1.0,1.0,1.0,1.0,1.0,1.0,1.0,1.0,1.0,1.0,1.0,1.0,1.0,1.0,1.0,1.0,1.0,1.0,1.0,1.0,1.0,1.0,1.0,1.0,1.0,1.0,1.0,0.3548387096774194,,,
GI03FLMB-RI000-00-VELPTB000,,,,,,,,,,,,,,,0.5,1.0,1.0,1.0,1.0,1.0,1.0,1.0,1.0,1.0,1.0,1.0,1.0,1.0,1.0,1.0,1.0,1.0,1.0,1.0,1.0,1.0,1.0,1.0,1.0,1.0,1.0,1.0,1.0,1.0,1.0,1.0,1.0,1.0,1.0,0.3548387096774194,,,
GI03FLMB-RI000-00-VELPTB100,,,,,,,,,,,,,,,0.5,1.0,1.0,1.0,1.0,1.0,1.0,1.0,1.0,1.0,1.0,1.0,1.0,1.0,1.0,1.0,1.0,1.0,1.0,1.0,1.0,1.0,1.0,1.0,1.0,1.0,1.0,1.0,1.0,1.0,1.0,1.0,1.0,1.0,1.0,0.3548387096774194,,,
GI03FLMB-RI000-00-VELPTB400,,,,,,,,,,,,,,,0.5,1.0,1.0,1.0,1.0,1.0,1.0,1.0,1.0,1.0,1.0,1.0,1.0,1.0,1.0,1.0,1.0,1.0,1.0,1.0,1.0,1.0,1.0,1.0,1.0,1.0,1.0,1.0,1.0,1.0,1.0,1.0,1.0,1.0,1.0,0.3548387096774194,,,
GI03FLMB-RI000-00-VELPTB700,,,,,,,,,,,,,,,0.5,1.0,1.0,1.0,1.0,1.0,1.0,1.0,1.0,1.0,1.0,1.0,1.0,1.0,1.0,1.0,1.0,1.0,1.0,1.0,1.0,1.0,1.0,1.0,1.0,1.0,1.0,1.0,1.0,1.0,1.0,1.0,1.0,1.0,1.0,0.3548387096774194,,,
GI03FLMB-RIM01-02-ADCPSL007,,,,,,,,,,,,,,,0.4666666666666667,1.0,1.0,1.0,1.0,0.14285714285714285,,,,,,0.3548387096774194,1.0,1.0,0.5666666666666667,,,,,,,,0.41935483870967744,,,,,,,,,,,,,0.8064516129032258,1.0,,
GI03FLMB-RIM01-02-CTDMOG060,,,,,,,,,,,,,,,0.4666666666666667,1.0,1.0,1.0,1.0,0.14285714285714285,,,,,,0.3548387096774194,1.0,1.0,0.5666666666666667,,,,,,,,0.6129032258064516,1.0,1.0,0.8709677419354839,0.23333333333333334,,,,,,,,,0.8064516129032258,0.9333333333333333,,
GI03FLMB-RIM01-02-CTDMOG061,,,,,,,,,,,,,,,,,,,,,,,,,,0.3548387096774194,1.0,1.0,0.5666666666666667,,,,,,,,0.6129032258064516,1.0,1.0,0.8709677419354839,0.23333333333333334,,,,,,,,,0.8064516129032258,0.9333333333333333,,
GI03FLMB-RIM01-02-CTDMOG062,,,,,,,,,,,,,,,,,,,,,,,,,,0.3548387096774194,1.0,1.0,0.5666666666666667,,,,,,,,0.6129032258064516,1.0,1.0,0.8709677419354839,0.23333333333333334,,,,,,,,,0.8064516129032258,0.9333333333333333,,
GI03FLMB-RIM01-02-CTDMOG063,,,,,,,,,,,,,,,0.4666666666666667,1.0,1.0,1.0,1.0,0.14285714285714285,,,,,,0.3548387096774194,1.0,1.0,0.5666666666666667,,,,,,,,0.6129032258064516,1.0,1.0,0.8709677419354839,0.23333333333333334,,,,,,,,,0.8064516129032258,0.9333333333333333,,
GI03FLMB-RIM01-02-CTDMOG064,,,,,,,,,,,,,,,,,,,,,,,,,,0.3548387096774194,1.0,1.0,0.5666666666666667,,,,,,,,0.6129032258064516,1.0,1.0,0.8709677419354839,0.23333333333333334,,,,,,,,,0.8064516129032258,0.9333333333333333,,
GI03FLMB-RIM01-02-CTDMOG065,,,,,,,,,,,,,,,,,,,,,,,,,,0.3548387096774194,1.0,1.0,0.5666666666666667,,,,,,,,0.6129032258064516,1.0,1.0,0.8709677419354839,0.23333333333333334,,,,,,,,,0.8064516129032258,0.9333333333333333,,
GI03FLMB-RIM01-02-CTDMOG066,,,,,,,,,,,,,,,,,,,,,,,,,,0.3548387096774194,1.0,1.0,0.5666666666666667,,,,,,,,0.6129032258064516,1.0,1.0,0.8709677419354839,0.23333333333333334,,,,,,,,,0.8064516129032258,0.9333333333333333,,
GI03FLMB-RIM01-02-CTDMOG067,,,,,,,,,,,,,,,0.4666666666666667,1.0,1.0,1.0,1.0,0.14285714285714285,,,,,,0.3548387096774194,1.0,1.0,0.5666666666666667,,,,,,,,0.6129032258064516,1.0,1.0,0.8709677419354839,0.23333333333333334,,,,,,,,,0.8064516129032258,0.9333333333333333,,
GI03FLMB-RIM01-02-CTDMOG068,,,,,,,,,,,,,,,,,,,,,,,,,,0.3548387096774194,1.0,1.0,0.5666666666666667,,,,,,,,0.6129032258064516,1.0,1.0,0.8709677419354839,0.23333333333333334,,,,,,,,,0.8064516129032258,0.9333333333333333,,
GI03FLMB-RIM01-02-CTDMOH069,,,,,,,,,,,,,,,0.4666666666666667,1.0,1.0,1.0,1.0,0.14285714285714285,,,,,,0.3548387096774194,1.0,1.0,0.5666666666666667,,,,,,,,0.6129032258064516,1.0,1.0,0.8709677419354839,0.23333333333333334,,,,,,,,,0.8064516129032258,0.9333333333333333,,
GI03FLMB-RIM01-02-CTDMOH070,,,,,,,,,,,,,,,,,,,,,,,,,,0.3548387096774194,1.0,1.0,0.5666666666666667,,,,,,,,0.6129032258064516,1.0,1.0,0.8709677419354839,0.23333333333333334,,,,,,,,,0.8064516129032258,0.9333333333333333,,
GI03FLMB-RIM01-02-CTDMOH071,,,,,,,,,,,,,,,,,,,,,,,,,,0.3548387096774194,1.0,1.0,0.5666666666666667,,,,,,,,0.6129032258064516,1.0,1.0,0.8709677419354839,0.23333333333333334,,,,,,,,,0.8064516129032258,0.9333333333333333,,
GI03FLMB-RIS01-03-DOSTAD000,,,,,,,,,,,,,,,0.4666666666666667,1.0,1.0,1.0,1.0,0.10714285714285714,,,,,,0.06451612903225806,,,0.23333333333333334,,,,,,,,0.6129032258064516,1.0,1.0,0.2903225806451613,,,,,,,,,,0.8064516129032258,0.9333333333333333,,
GI03FLMB-RIS01-04-PHSENF000,,,,,,,,,,,,,,,0.43333333333333335,1.0,1.0,0.967741935483871,0.7419354838709677,0.07142857142857142,,,,,,0.06451612903225806,,,0.2,,,,,,,,0.5161290322580645,0.9354838709677419,0.9666666666666667,0.22580645161290322,,,,,,,,,,0.8064516129032258,0.8666666666666667,,
GI03FLMB-RIS01-05-FLORTD000,,,,,,,,,,,,,,,0.4666666666666667,1.0,1.0,1.0,1.0,0.14285714285714285,,,,,,0.06451612903225806,,,0.2,,,,,,,,0.6129032258064516,1.0,1.0,0.2903225806451613,,,,,,,,,,0.8064516129032258,0.9333333333333333,,
GI05MOAS-GL469-01-FLORDM000,,,,,,,,,,,,,,,0.26666666666666666,,,,,,,,,,,,,,,,,,,,,,,,,,,,,,,,,,,,,,
GI05MOAS-GL469-02-DOSTAM000,,,,,,,,,,,,,,,0.26666666666666666,,,,,,,,,,,,,,,,,,,,,,,,,,,,,,,,,,,,,,
GI05MOAS-GL469-04-CTDGVM000,,,,,,,,,,,,,,,0.26666666666666666,,,,,,,,,,,,,,,,,,,,,,,,,,,,,,,,,,,,,,
GI05MOAS-GL477-01-FLORDM000,,,,,,,,,,,,,,,0.7,1.0,1.0,1.0,1.0,1.0,1.0,0.26666666666666666,,,,,,,,,,,,,,,,,,,,,,,,,,,,,,,
GI05MOAS-GL477-02-DOSTAM000,,,,,,,,,,,,,,,0.7,1.0,1.0,1.0,1.0,1.0,1.0,0.26666666666666666,,,,,,,,,,,,,,,,,,,,,,,,,,,,,,,
GI05MOAS-GL477-04-CTDGVM000,,,,,,,,,,,,,,,0.7,1.0,1.0,1.0,1.0,1.0,1.0,0.26666666666666666,,,,,,,,,,,,,,,,,,,,,,,,,,,,,,,
GI05MOAS-GL478-01-FLORDM000,,,,,,,,,,,,,,,0.03333333333333333,,,,,,,,,,,,,,,,,,,,,,,,,,,,,,,,,,,,,,
GI05MOAS-GL478-02-DOSTAM000,,,,,,,,,,,,,,,0.03333333333333333,,,,,,,,,,,,,,,,,,,,,,,,,,,,,,,,,,,,,,
GI05MOAS-GL478-04-CTDGVM000,,,,,,,,,,,,,,,0.03333333333333333,,,,,,,,,,,,,,,,,,,,,,,,,,,,,,,,,,,,,,
GI05MOAS-GL484-01-FLORDM000,,,,,,,,,,,,,,,,,,,,,,,,,,0.3225806451612903,,,,,,,,,,,0.7419354838709677,1.0,0.6333333333333333,0.41935483870967744,,,,,,,,,,,,,
GI05MOAS-GL484-02-DOSTAM000,,,,,,,,,,,,,,,,,,,,,,,,,,0.3225806451612903,,,,,,,,,,,0.7419354838709677,1.0,0.6333333333333333,0.41935483870967744,,,,,,,,,,,,,
GI05MOAS-GL484-04-CTDGVM000,,,,,,,,,,,,,,,,,,,,,,,,,,0.3225806451612903,,,,,,,,,,,0.7419354838709677,1.0,0.6333333333333333,0.41935483870967744,,,,,,,,,,,,,
GI05MOAS-GL485-01-FLORDM000,,,,,,,,,,,,,,,,,,,,,,,,,,0.4838709677419355,1.0,1.0,0.6333333333333333,,,,,,,,,,,,,,,,,,,,,,,,
GI05MOAS-GL485-02-DOSTAM000,,,,,,,,,,,,,,,,,,,,,,,,,,0.4838709677419355,1.0,1.0,0.6333333333333333,,,,,,,,,,,,,,,,,,,,,,,,
GI05MOAS-GL485-04-CTDGVM000,,,,,,,,,,,,,,,,,,,,,,,,,,0.4838709677419355,1.0,1.0,0.6333333333333333,,,,,,,,,,,,,,,,,,,,,,,,
GI05MOAS-GL495-01-FLORDM000,,,,,,,,,,,,,,,,,,,,,,,,,,0.4838709677419355,1.0,1.0,0.13333333333333333,,,,,,,,,,,,,,,,,,,,,,,,
GI05MOAS-GL495-02-DOSTAM000,,,,,,,,,,,,,,,,,,,,,,,,,,0.4838709677419355,1.0,1.0,0.13333333333333333,,,,,,,,,,,,,,,,,,,,,,,,
GI05MOAS-GL495-04-CTDGVM000,,,,,,,,,,,,,,,,,,,,,,,,,,0.4838709677419355,1.0,1.0,0.13333333333333333,,,,,,,,,,,,,,,,,,,,,,,,
GI05MOAS-GL559-01-FLORDM000,,,,,,,,,,,,,,,,,,,,,,,,,,,,,,,,,,,,,0.7419354838709677,1.0,0.6,0.8064516129032258,1.0,1.0,0.16129032258064516,,,,,,,,,,
GI05MOAS-GL559-02-DOSTAM000,,,,,,,,,,,,,,,,,,,,,,,,,,,,,,,,,,,,,0.7419354838709677,1.0,0.6,0.8064516129032258,1.0,1.0,0.16129032258064516,,,,,,,,,,
GI05MOAS-GL559-04-CTDGVM000,,,,,,,,,,,,,,,,,,,,,,,,,,,,,,,,,,,,,0.7419354838709677,1.0,0.6,0.8064516129032258,1.0,1.0,0.1935483870967742,,,,,,,,,,
GI05MOAS-PG528-01-CTDGVM000,,,,,,,,,,,,,,,,,,,,,,,,,,0.4838709677419355,1.0,1.0,1.0,1.0,0.967741935483871,1.0,0.5483870967741935,,,,,,,,,,,,,,,,,,,,
GI05MOAS-PG528-02-DOSTAM000,,,,,,,,,,,,,,,,,,,,,,,,,,0.4838709677419355,1.0,1.0,1.0,1.0,0.9354838709677419,1.0,0.5161290322580645,,,,,,,,,,,,,,,,,,,,
GI05MOAS-PG528-03-FLORTM000,,,,,,,,,,,,,,,,,,,,,,,,,,,,,,,,,,,,,,,,,,,,,,,,,,,,,
GI05MOAS-PG528-04-FLORTO000,,,,,,,,,,,,,,,,,,,,,,,,,,,,,,,,,,,,,,,,,,,,,,,,,,,,,
GI05MOAS-PG528-05-NUTNRM000,,,,,,,,,,,,,,,,,,,,,,,,,,0.4838709677419355,1.0,1.0,1.0,1.0,0.9354838709677419,1.0,0.5161290322580645,,,,,,,,,,,,,,,,,,,,
GI05MOAS-PG528-06-PARADM000,,,,,,,,,,,,,,,,,,,,,,,,,,0.4838709677419355,1.0,1.0,1.0,1.0,0.9354838709677419,1.0,0.5161290322580645,,,,,,,,,,,,,,,,,,,,
GI05MOAS-PG564-01-CTDGVM000,,,,,,,,,,,,,,,,,,,,,,,,,,,,,,,,,,,,,,,,,,,,,,,,,,,,,
GI05MOAS-PG564-02-DOSTAM000,,,,,,,,,,,,,,,,,,,,,,,,,,,,,,,,,,,,,,,,,,,,,,,,,,,,,
GI05MOAS-PG564-03-FLORTM000,,,,,,,,,,,,,,,,,,,,,,,,,,,,,,,,,,,,,,,,,,,,,,,,,,,,,
GI05MOAS-PG564-04-FLORTO000,,,,,,,,,,,,,,,,,,,,,,,,,,,,,,,,,,,,,,,,,,,,,,,,,,,,,
GI05MOAS-PG564-05-NUTNRM000,,,,,,,,,,,,,,,,,,,,,,,,,,,,,,,,,,,,,,,,,,,,,,,,,,,,,
GI05MOAS-PG564-06-PARADM000,,,,,,,,,,,,,,,,,,,,,,,,,,,,,,,,,,,,,,,,,,,,,,,,,,,,,
GI05MOAS-PG577-01-CTDGVM000,,,,,,,,,,,,,,,,,,,,,,,,,,,,,,,,,,,,,,,,,,,,,,,,,,,,,
GI05MOAS-PG577-02-DOSTAM000,,,,,,,,,,,,,,,,,,,,,,,,,,,,,,,,,,,,,,,,,,,,,,,,,,,,,
GI05MOAS-PG577-03-FLORTM000,,,,,,,,,,,,,,,,,,,,,,,,,,,,,,,,,,,,,,,,,,,,,,,,,,,,,
GI05MOAS-PG577-04-FLORTO000,,,,,,,,,,,,,,,,,,,,,,,,,,,,,,,,,,,,,,,,,,,,,,,,,,,,,
GI05MOAS-PG577-05-NUTNRM000,,,,,,,,,,,,,,,,,,,,,,,,,,,,,,,,,,,,,,,,,,,,,,,,,,,,,
GI05MOAS-PG577-06-PARADM000,,,,,,,,,,,,,,,,,,,,,,,,,,,,,,,,,,,,,,,,,,,,,,,,,,,,,
GP02HYPM-RIM01-02-CTDMOG039,,,,,,,,,,,,,,,,,,,,,,,,,,,,,,,,,,,,,,0.7419354838709677,,,,,,,,,,,,,,,
GP02HYPM-WFP02-01-FLORDL000,0.16129032258064516,0.9354838709677419,0.9,0.967741935483871,0.9333333333333333,1.0,0.967741935483871,0.8571428571428571,,,,0.3,1.0,1.0,1.0,0.5483870967741935,,,,,,,,0.8333333333333334,1.0,1.0,0.9333333333333333,0.967741935483871,0.9666666666666667,0.7096774193548387,0.06451612903225806,,,,,,,0.5483870967741935,,,,,,,,,,,,,,,
GP02HYPM-WFP02-03-DOSTAL000,0.16129032258064516,0.9354838709677419,0.9,0.967741935483871,0.9333333333333333,1.0,0.967741935483871,0.8571428571428571,,,,0.3,1.0,1.0,1.0,0.5483870967741935,,,,,,,,0.8333333333333334,1.0,1.0,0.9333333333333333,0.967741935483871,0.9666666666666667,0.7096774193548387,0.06451612903225806,,,,,,,0.5483870967741935,,,,,,,,,,,,,,,
GP02HYPM-WFP02-04-CTDPFL000,0.1935483870967742,0.9032258064516129,0.9333333333333333,0.967741935483871,0.9333333333333333,1.0,1.0,0.8214285714285714,,,,0.3,1.0,0.967741935483871,1.0,0.5806451612903226,,,,,,,,0.8666666666666667,1.0,1.0,0.9666666666666667,1.0,1.0,0.967741935483871,0.0967741935483871,,,,,,,,,,,,,,,,,,,,,,
GP02HYPM-WFP02-05-VEL3DL000,0.1935483870967742,0.9354838709677419,0.8666666666666667,0.8709677419354839,0.9333333333333333,1.0,1.0,0.75,,,,0.3,1.0,0.9354838709677419,1.0,0.4838709677419355,,,,,,,,0.7,0.8064516129032258,0.8387096774193549,0.8,0.8064516129032258,0.7666666666666667,0.3548387096774194,0.03225806451612903,,,,,,,0.45161290322580644,,,,,,,,,,,,,,,
GP02HYPM-WFP03-01-FLORDL000,0.1935483870967742,0.8709677419354839,0.9666666666666667,1.0,0.9666666666666667,1.0,1.0,0.8571428571428571,,,,0.3,1.0,0.967741935483871,0.9666666666666667,0.5483870967741935,,,,,,,,0.8666666666666667,0.9354838709677419,0.9032258064516129,0.9,0.9032258064516129,0.8,0.6774193548387096,,,,,,,,0.5806451612903226,,,,,,,,,,,,,,,
GP02HYPM-WFP03-03-DOSTAL000,0.1935483870967742,0.8709677419354839,0.9666666666666667,1.0,0.9666666666666667,1.0,1.0,0.8571428571428571,,,,0.3,1.0,0.967741935483871,0.9666666666666667,0.5483870967741935,,,,,,,,0.8666666666666667,0.9354838709677419,0.9032258064516129,0.9,0.9032258064516129,0.8,0.6774193548387096,,,,,,,,0.5806451612903226,,,,,,,,,,,,,,,
GP02HYPM-WFP03-04-CTDPFL000,0.1935483870967742,0.8709677419354839,0.9666666666666667,0.967741935483871,0.9666666666666667,1.0,1.0,0.8214285714285714,,,,0.03333333333333333,,,,,,,,,,,,0.8666666666666667,1.0,1.0,1.0,1.0,0.9666666666666667,0.8387096774193549,,,,,,,,0.5483870967741935,,,,,,,,,,,,,,,
GP02HYPM-WFP03-05-VEL3DL000,0.1935483870967742,0.7741935483870968,0.8333333333333334,0.9354838709677419,0.9,0.8709677419354839,0.9032258064516129,0.7857142857142857,,,,0.3,1.0,1.0,1.0,0.4838709677419355,,,,,,,,0.8,0.8709677419354839,0.8387096774193549,0.9,0.7741935483870968,0.7666666666666667,0.3870967741935484,0.03225806451612903,,,,,,,0.45161290322580644,,,,,,,,,,,,,,,
GP03FLMA-RIM01-02-ADCPSL003,,,,,,,,,,,,0.43333333333333335,1.0,1.0,1.0,1.0,0.7,,,,,,,0.8,1.0,1.0,1.0,1.0,1.0,1.0,1.0,1.0,0.45161290322580644,,,,,,,,,,,,,,,,,,,,
GP03FLMA-RIM01-02-CTDMOG040,,,,,,,,,,,,,,,,,,,,,,,,,,,,,,,,,,,,,0.25806451612903225,,,,,,,,,,,,,,,,
GP03FLMA-RIM01-02-CTDMOG041,,,,,,,,,,,,,,,,,,,,,,,,,,,,,,,,,,,,,0.25806451612903225,,,,,,,,,,,,,,,,
GP03FLMA-RIM01-02-CTDMOG042,,,,,,,,,,,,0.43333333333333335,1.0,1.0,1.0,1.0,0.7,,,,,,,,,,,,,,,,,,,,0.25806451612903225,,,,,,,,,,,,,,,,
GP03FLMA-RIM01-02-CTDMOG043,,,,,,,,,,,,0.43333333333333335,1.0,1.0,1.0,1.0,0.7,,,,,,,,,,,,,,,,,,,,0.25806451612903225,,,,,,,,,,,,,,,,
GP03FLMA-RIM01-02-CTDMOG044,,,,,,,,,,,,0.43333333333333335,1.0,1.0,1.0,1.0,0.7,,,,,,,,,,,,,,,,,,,,0.25806451612903225,,,,,,,,,,,,,,,,
GP03FLMA-RIM01-02-CTDMOG045,,,,,,,,,,,,0.43333333333333335,1.0,1.0,1.0,1.0,0.7,,,,,,,,,,,,,,,,,,,,0.25806451612903225,,,,,,,,,,,,,,,,
GP03FLMA-RIM01-02-CTDMOG046,,,,,,,,,,,,,,,,,,,,,,,,,,,,,,,,,,,,,0.25806451612903225,,,,,,,,,,,,,,,,
GP03FLMA-RIM01-02-CTDMOG047,,,,,,,,,,,,0.43333333333333335,1.0,1.0,1.0,1.0,0.7,,,,,,,,,,,,,,,,,,,,0.25806451612903225,,,,,,,,,,,,,,,,
GP03FLMA-RIM01-02-CTDMOG048,,,,,,,,,,,,,,,,,,,,,,,,,,,,,,,,,,,,,0.25806451612903225,,,,,,,,,,,,,,,,
GP03FLMA-RIM01-02-CTDMOH049,,,,,,,,,,,,0.43333333333333335,1.0,1.0,1.0,1.0,0.7,,,,,,,,,,,,,,,,,,,,0.25806451612903225,,,,,,,,,,,,,,,,
GP03FLMA-RIM01-02-CTDMOH050,,,,,,,,,,,,,,,,,,,,,,,,,,,,,,,,,,,,,0.25806451612903225,,,,,,,,,,,,,,,,
GP03FLMA-RIM01-02-CTDMOH051,,,,,,,,,,,,,,,,,,,,,,,,,,,,,,,,,,,,,0.25806451612903225,,,,,,,,,,,,,,,,
GP03FLMA-RIS01-03-DOSTAD000,,,,,,,,,,,,0.43333333333333335,1.0,1.0,1.0,1.0,0.7,,,,,,,0.8,1.0,1.0,1.0,1.0,1.0,1.0,1.0,1.0,0.45161290322580644,,,,0.3225806451612903,,,,,,,,,,,,,,,,
GP03FLMA-RIS01-04-PHSENF000,,,,,,,,,,,,0.43333333333333335,1.0,1.0,1.0,1.0,0.5666666666666667,,,,,,,0.8,1.0,0.9354838709677419,1.0,0.967741935483871,0.9666666666666667,0.967741935483871,0.9354838709677419,0.896551724137931,0.3548387096774194,,,,0.06451612903225806,,,,,,,,,,,,,,,,
GP03FLMA-RIS01-05-FLORTD000,,,,,,,,,,,,0.43333333333333335,1.0,1.0,1.0,1.0,0.7,,,,,,,0.8,1.0,1.0,1.0,1.0,1.0,1.0,1.0,1.0,0.45161290322580644,,,,0.3225806451612903,,,,,,,,,,,,,,,,
GP03FLMB-RIM01-02-ADCPSL007,0.25806451612903225,1.0,1.0,1.0,1.0,1.0,1.0,0.9642857142857143,,,,0.36666666666666664,1.0,1.0,1.0,1.0,0.26666666666666666,,,,,,,0.7333333333333333,1.0,1.0,1.0,1.0,1.0,1.0,1.0,0.3448275862068966,,,,,,,,0.1935483870967742,0.3,0.5161290322580645,,,,,,,,,,,
GP03FLMB-RIM01-02-CTDMOG060,,,,,,,,,,,,,,,,,,,,,,,,,,,,,,,,,,,,,,,,0.22580645161290322,0.6,0.4838709677419355,,,,,,,,,,,
GP03FLMB-RIM01-02-CTDMOG061,,,,,,,,,,,,,,,,,,,,,,,,0.7333333333333333,1.0,1.0,1.0,1.0,1.0,1.0,1.0,0.3103448275862069,,,,,,,,0.22580645161290322,0.6,0.4838709677419355,,,,,,,,,,,
GP03FLMB-RIM01-02-CTDMOG062,,,,,,,,,,,,,,,,,,,,,,,,0.7333333333333333,1.0,1.0,1.0,1.0,1.0,1.0,1.0,0.3103448275862069,,,,,,,,0.22580645161290322,0.6,0.4838709677419355,,,,,,,,,,,
GP03FLMB-RIM01-02-CTDMOG063,0.25806451612903225,1.0,1.0,1.0,0.9666666666666667,1.0,1.0,0.9642857142857143,,,,,,,,,,,,,,,,,,,,,,,,,,,,,,,,0.22580645161290322,0.6,0.4838709677419355,,,,,,,,,,,
GP03FLMB-RIM01-02-CTDMOG064,0.25806451612903225,1.0,1.0,1.0,0.9666666666666667,1.0,1.0,0.9642857142857143,,,,,,,,,,,,,,,,,,,,,,,,,,,,,,,,0.22580645161290322,0.6,0.4838709677419355,,,,,,,,,,,
GP03FLMB-RIM01-02-CTDMOG065,0.25806451612903225,1.0,1.0,1.0,0.9666666666666667,1.0,1.0,0.9642857142857143,,,,,,,,,,,,,,,,,,,,,,,,,,,,,,,,0.22580645161290322,0.6,0.4838709677419355,,,,,,,,,,,
GP03FLMB-RIM01-02-CTDMOG066,0.25806451612903225,1.0,1.0,1.0,0.9666666666666667,1.0,1.0,0.9642857142857143,,,,,,,,,,,,,,,,,,,,,,,,,,,,,,,,0.22580645161290322,0.6,0.4838709677419355,,,,,,,,,,,
GP03FLMB-RIM01-02-CTDMOG067,,,,,,,,,,,,,,,,,,,,,,,,,,,,,,,,,,,,,,,,0.22580645161290322,0.6,0.4838709677419355,,,,,,,,,,,
GP03FLMB-RIM01-02-CTDMOG068,,,,,,,,,,,,,,,,,,,,,,,,,,,,,,,,,,,,,,,,0.22580645161290322,0.6,0.4838709677419355,,,,,,,,,,,
GP03FLMB-RIM01-02-CTDMOH069,,,,,,,,,,,,,,,,,,,,,,,,,,,,,,,,,,,,,,,,0.22580645161290322,0.6,0.4838709677419355,,,,,,,,,,,
GP03FLMB-RIM01-02-CTDMOH070,,,,,,,,,,,,,,,,,,,,,,,,0.7333333333333333,1.0,1.0,1.0,1.0,1.0,1.0,1.0,0.3103448275862069,,,,,,,,0.22580645161290322,0.6,0.4838709677419355,,,,,,,,,,,
GP03FLMB-RIM01-02-CTDMOH071,,,,,,,,,,,,,,,,,,,,,,,,,,,,,,,,,,,,,,,,0.22580645161290322,0.6,0.4838709677419355,,,,,,,,,,,
GP03FLMB-RIS01-03-DOSTAD000,0.25806451612903225,0.967741935483871,1.0,1.0,1.0,1.0,1.0,0.9285714285714286,,,,0.36666666666666664,1.0,1.0,1.0,1.0,0.3,,,,,,,0.7333333333333333,1.0,1.0,1.0,1.0,0.6,,0.06451612903225806,,,,,,,,,0.03225806451612903,,,,,,,,,,,,,
GP03FLMB-RIS01-04-PHSENF000,0.22580645161290322,0.9354838709677419,1.0,1.0,1.0,1.0,1.0,0.9285714285714286,,,,0.36666666666666664,1.0,1.0,1.0,1.0,0.23333333333333334,,,,,,,0.7333333333333333,1.0,1.0,0.9333333333333333,0.9354838709677419,0.5666666666666667,,0.03225806451612903,,,,,,,,,,,,,,,,,,,,,,
GP03FLMB-RIS01-05-FLORTD000,0.25806451612903225,0.967741935483871,1.0,1.0,1.0,1.0,1.0,0.9285714285714286,,,,0.36666666666666664,1.0,1.0,1.0,1.0,0.3,,,,,,,0.7333333333333333,1.0,1.0,1.0,1.0,0.6,,0.06451612903225806,,,,,,,,,0.03225806451612903,,,,,,,,,,,,,
GP05MOAS-GL276-01-FLORDM000,,,,,,,,,,,,,,,,,,,,,,,,,,,,,,,,,,,,,,,,,,,,,,,,,,,,,
GP05MOAS-GL276-02-DOSTAM000,,,,,,,,,,,,0.5333333333333333,1.0,1.0,1.0,1.0,1.0,1.0,1.0,1.0,0.5806451612903226,0.2,0.5161290322580645,0.03333333333333333,,,,,,,,,,,,,,,,,,,,,,,,,,,,,
GP05MOAS-GL276-04-CTDGVM000,,,,,,,,,,,,0.5333333333333333,1.0,1.0,1.0,1.0,1.0,1.0,1.0,1.0,0.5806451612903226,0.2,0.5161290322580645,0.03333333333333333,,,,,,,,,,,,,,,,,,,,,,,,,,,,,
GP05MOAS-GL361-01-FLORDM000,,,,,,,,0.25,0.03225806451612903,,,,,,,,,,,,,,,,,,,,,,,,,,,,,,,,,,,,,,,,,,,,
GP05MOAS-GL361-02-DOSTAM000,,,,,,,,0.25,0.03225806451612903,,,,,,,,,,,,,,,,,,,,,,,,,,,,,,,,,,,,,,,,,,,,
GP05MOAS-GL361-04-CTDGVM000,,,,,,,,0.25,0.06451612903225806,,,,,,,,,,,,,,,,,,,,,,,,,,,,,,,,,,,,,,,,,,,,
GP05MOAS-GL362-01-FLORDM000,,,,,,,,,,,,,,0.06451612903225806,0.1,,,,,,,,,,,,,,,,,,,,,,,,,,,,,,,,,,,,,,
GP05MOAS-GL362-02-DOSTAM000,,,,,,,,,,,,,,0.06451612903225806,0.1,,,,,,,,,,,,,,,,,,,,,,,,,,,,,,,,,,,,,,
GP05MOAS-GL362-04-CTDGVM000,,,,,,,,,,,,,,0.06451612903225806,0.1,,,,,,,,,,,,,,,,,,,,,,,,,,,,,,,,,,,,,,
GP05MOAS-GL363-01-FLORDM000,0.41935483870967744,1.0,1.0,1.0,1.0,1.0,1.0,1.0,0.22580645161290322,0.2,0.7096774193548387,0.03333333333333333,,,,,,,,,,,,,,,,,,,,,,,,,,,,,,,,,,,,,,,,,
GP05MOAS-GL363-02-DOSTAM000,0.41935483870967744,1.0,1.0,1.0,1.0,1.0,1.0,1.0,0.22580645161290322,0.2,0.7096774193548387,0.03333333333333333,,,,,,,,,,,,,,,,,,,,,,,,,,,,,,,,,,,,,,,,,
GP05MOAS-GL363-04-CTDGVM000,0.41935483870967744,1.0,1.0,1.0,1.0,1.0,1.0,1.0,0.22580645161290322,0.3,0.7096774193548387,0.03333333333333333,,,,,,,,,,,,,,,,,,,,,,,,,,,,,,,,,,,,,,,,,
GP05MOAS-GL364-01-FLORDM000,0.3870967741935484,1.0,1.0,1.0,1.0,0.7096774193548387,0.6129032258064516,0.35714285714285715,0.0967741935483871,0.16666666666666666,0.8064516129032258,0.1,,,,,,,,,,,,,,,,,,,,,,,,,,,,,,,,,,,,,,,,,
GP05MOAS-GL364-02-DOSTAM000,0.3870967741935484,1.0,0.9666666666666667,1.0,1.0,0.7096774193548387,0.6129032258064516,0.35714285714285715,0.0967741935483871,0.16666666666666666,0.8064516129032258,0.1,,,,,,,,,,,,,,,,,,,,,,,,,,,,,,,,,,,,,,,,,
GP05MOAS-GL364-04-CTDGVM000,0.3870967741935484,1.0,1.0,1.0,1.0,0.7419354838709677,0.6129032258064516,0.35714285714285715,0.0967741935483871,0.16666666666666666,0.8064516129032258,0.1,,,,,,,,,,,,,,,,,,,,,,,,,,,,,,,,,,,,,,,,,
GP05MOAS-GL365-01-FLORDM000,0.3870967741935484,1.0,1.0,1.0,1.0,0.12903225806451613,,,,,,,,,,,,,,,,,,,,,,,,,,,,,,0.13333333333333333,1.0,0.8709677419354839,0.7333333333333333,1.0,1.0,0.5806451612903226,0.41935483870967744,,,,,,,,,,
GP05MOAS-GL365-02-DOSTAM000,0.41935483870967744,1.0,1.0,0.7741935483870968,,,,,,,,,,,,,,,,,,,,,,,,,,,,,,,,0.13333333333333333,1.0,0.8709677419354839,0.7333333333333333,1.0,1.0,0.5806451612903226,0.41935483870967744,,,,,,,,,,
GP05MOAS-GL365-04-CTDGVM000,0.41935483870967744,1.0,1.0,0.8064516129032258,,,,,,,,,,,,,,,,,,,,,,,,,,,,,,,,0.13333333333333333,1.0,0.8709677419354839,0.7333333333333333,1.0,1.0,0.5806451612903226,0.41935483870967744,,,,,,,,,,
GP05MOAS-GL453-01-FLORDM000,,,,,,,,,,,,,,0.03225806451612903,,,,,,,,,,,,,,,,,,,,,,,,,,,,,,,,,,,,,,,
GP05MOAS-GL453-02-DOSTAM000,,,,,,,,,,,,,,0.03225806451612903,,,,,,,,,,,,,,,,,,,,,,,,,,,,,,,,,,,,,,,
GP05MOAS-GL453-04-CTDGVM000,,,,,,,,,,,,,,0.03225806451612903,,,,,,,,,,,,,,,,,,,,,,,,,,,,,,,,,,,,,,,
GP05MOAS-GL523-01-FLORDM000,,,,,,,,,,,,,,,,,,,,,,,,0.7666666666666667,1.0,1.0,1.0,1.0,1.0,1.0,1.0,1.0,0.8064516129032258,0.03333333333333333,,,,,,,,,,,,,,,,,,,
GP05MOAS-GL523-02-DOSTAM000,,,,,,,,,,,,,,,,,,,,,,,,0.7666666666666667,1.0,1.0,1.0,1.0,1.0,0.967741935483871,1.0,1.0,0.8064516129032258,0.03333333333333333,,,,,,,,,,,,,,,,,,,
GP05MOAS-GL523-04-CTDGVM000,,,,,,,,,,,,,,,,,,,,,,,,0.7666666666666667,1.0,1.0,1.0,1.0,1.0,1.0,1.0,1.0,0.8387096774193549,0.03333333333333333,,,,,,,,,,,,,,,,,,,
GP05MOAS-GL525-01-FLORDM000,,,,,,,,,,,,,,,,,,,,,,,,0.9666666666666667,1.0,1.0,1.0,1.0,1.0,1.0,1.0,1.0,0.25806451612903225,,,,,,,,,,,,,,,,,,,,
GP05MOAS-GL525-02-DOSTAM000,,,,,,,,,,,,,,,,,,,,,,,,0.9666666666666667,1.0,1.0,1.0,1.0,1.0,1.0,1.0,1.0,0.25806451612903225,,,,,,,,,,,,,,,,,,,,
GP05MOAS-GL525-04-CTDGVM000,,,,,,,,,,,,,,,,,,,,,,,,0.9666666666666667,1.0,1.0,1.0,1.0,1.0,1.0,1.0,1.0,0.25806451612903225,,,,,,,,,,,,,,,,,,,,
GP05MOAS-GL537-01-FLORDM000,,,,,,,,,,,,,,,,,,,,,,,,0.7,1.0,1.0,1.0,1.0,1.0,1.0,1.0,1.0,0.2903225806451613,0.1,,,,,,,,,,,,,,,,,,,
GP05MOAS-GL537-02-DOSTAM000,,,,,,,,,,,,,,,,,,,,,,,,0.7,1.0,1.0,1.0,1.0,1.0,1.0,1.0,0.9655172413793104,0.2903225806451613,0.1,,,,,,,,,,,,,,,,,,,
GP05MOAS-GL537-04-CTDGVM000,,,,,,,,,,,,,,,,,,,,,,,,0.7,1.0,1.0,1.0,1.0,1.0,1.0,1.0,1.0,0.2903225806451613,0.1,,,,,,,,,,,,,,,,,,,
GP05MOAS-PG514-01-CTDGVM000,,,,,,,,,,,,,,,,,,,,,,,,0.9666666666666667,1.0,1.0,1.0,1.0,0.5333333333333333,,,,,,,,,,,,,,,,,,,,,,,,
GP05MOAS-PG514-02-DOSTAM000,,,,,,,,,,,,,,,,,,,,,,,,0.9666666666666667,1.0,1.0,1.0,1.0,0.5333333333333333,,,,,,,,,,,,,,,,,,,,,,,,
GP05MOAS-PG514-03-FLORTM000,,,,,,,,,,,,,,,,,,,,,,,,,,,,,,,,,,,,,,,,,,,,,,,,,,,,,
GP05MOAS-PG514-03-NUTNRM000,,,,,,,,,,,,,,,,,,,,,,,,,,,,,,,,,,,,,,,,,,,,,,,,,,,,,
GP05MOAS-PG514-04-FLORTO000,,,,,,,,,,,,,,,,,,,,,,,,,,,,,,,,,,,,,,,,,,,,,,,,,,,,,
GP05MOAS-PG514-05-NUTNRM000,,,,,,,,,,,,,,,,,,,,,,,,0.9666666666666667,1.0,1.0,1.0,1.0,0.5333333333333333,,,,,,,,,,,,,,,,,,,,,,,,
GP05MOAS-PG514-06-PARADM000,,,,,,,,,,,,,,,,,,,,,,,,,,,,,,,,,,,,,,,,,,,,,,,,,,,,,
GP05MOAS-PG515-01-CTDGVM000,,,,,,,,,,,,,,,,,,,,,,,0.03225806451612903,0.9666666666666667,1.0,1.0,1.0,1.0,1.0,1.0,0.9032258064516129,0.3448275862068966,,,,,,,,,,,,,,,,,,,,,
GP05MOAS-PG515-02-DOSTAM000,,,,,,,,,,,,,,,,,,,,,,,,,,,,,,,,,,,,,,,,,,,,,,,,,,,,,
GP05MOAS-PG515-02-FLORTM000,,,,,,,,,,,,,,,,,,,,,,,,,,,,,,,,,,,,,,,,,,,,,,,,,,,,,
GP05MOAS-PG515-03-FLORTM000,,,,,,,,,,,,,,,,,,,,,,,,,,,,,,,,,,,,,,,,,,,,,,,,,,,,,
GP05MOAS-PG515-03-FLORTO000,,,,,,,,,,,,,,,,,,,,,,,,,,,,,,,,,,,,,,,,,,,,,,,,,,,,,
GP05MOAS-PG515-04-FLORTO000,,,,,,,,,,,,,,,,,,,,,,,,,,,,,,,,,,,,,,,,,,,,,,,,,,,,,
GP05MOAS-PG515-04-PARADM000,,,,,,,,,,,,,,,,,,,,,,,,,,,,,,,,,,,,,,,,,,,,,,,,,,,,,
GP05MOAS-PG515-05-NUTNRM000,,,,,,,,,,,,,,,,,,,,,,,,,,,,,,,,,,,,,,,,,,,,,,,,,,,,,
GP05MOAS-PG515-06-PARADM000,,,,,,,,,,,,,,,,,,,,,,,0.03225806451612903,0.9666666666666667,1.0,1.0,1.0,1.0,1.0,1.0,0.9032258064516129,0.3103448275862069,,,,,,,,,,,,,,,,,,,,,
GP05MOAS-PG575-01-CTDGVM000,,,,,,,,,,,,,,,,,,,,,,,,,,,,,,,,,,,,,,,,,,,,,,,,,,,,,
GP05MOAS-PG575-02-DOSTAM000,,,,,,,,,,,,,,,,,,,,,,,,,,,,,,,,,,,,,,,,,,,,,,,,,,,,,
GP05MOAS-PG575-03-FLORTM000,,,,,,,,,,,,,,,,,,,,,,,,,,,,,,,,,,,,,,,,,,,,,,,,,,,,,
GP05MOAS-PG575-04-FLORTO000,,,,,,,,,,,,,,,,,,,,,,,,,,,,,,,,,,,,,,,,,,,,,,,,,,,,,
GP05MOAS-PG575-05-NUTNRM000,,,,,,,,,,,,,,,,,,,,,,,,,,,,,,,,,,,,,,,,,,,,,,,,,,,,,
GP05MOAS-PG575-06-PARADM000,,,,,,,,,,,,,,,,,,,,,,,,,,,,,,,,,,,,,,,,,,,,,,,,,,,,,
GP05MOAS-PG576-01-CTDGVM000,,,,,,,,,,,,,,,,,,,,,,,,,,,,,,,,,,,,,,,,,,,,,,,,,,,,,
GP05MOAS-PG576-02-DOSTAM000,,,,,,,,,,,,,,,,,,,,,,,,,,,,,,,,,,,,,,,,,,,,,,,,,,,,,
GP05MOAS-PG576-03-FLORTM000,,,,,,,,,,,,,,,,,,,,,,,,,,,,,,,,,,,,,,,,,,,,,,,,,,,,,
GP05MOAS-PG576-04-FLORTO000,,,,,,,,,,,,,,,,,,,,,,,,,,,,,,,,,,,,,,,,,,,,,,,,,,,,,
GP05MOAS-PG576-05-NUTNRM000,,,,,,,,,,,,,,,,,,,,,,,,,,,,,,,,,,,,,,,,,,,,,,,,,,,,,
GP05MOAS-PG576-06-PARADM000,,,,,,,,,,,,,,,,,,,,,,,,,,,,,,,,,,,,,,,,,,,,,,,,,,,,,
GS01SUMO-RID16-01-OPTAAD000,,,,,,,,,,,,,,,,,,,,0.39285714285714285,1.0,1.0,0.5806451612903226,0.06666666666666667,0.1935483870967742,0.7096774193548387,,,,0.5806451612903226,1.0,1.0,1.0,1.0,1.0,0.9,0.9354838709677419,0.7419354838709677,0.9666666666666667,1.0,0.7666666666666667,0.8709677419354839,0.8387096774193549,0.8571428571428571,0.8709677419354839,0.8333333333333334,0.9354838709677419,0.5333333333333333,,,,,
GS01SUMO-RID16-02-FLORTD000,,,,,,,,,,,,,,,,,,,,0.35714285714285715,0.8387096774193549,0.8666666666666667,0.4838709677419355,0.06666666666666667,0.1935483870967742,0.5483870967741935,,,,0.5161290322580645,0.8387096774193549,0.8620689655172413,0.8709677419354839,0.8666666666666667,0.8387096774193549,0.8666666666666667,0.8387096774193549,0.7419354838709677,0.8666666666666667,0.8387096774193549,0.8666666666666667,0.9032258064516129,0.8387096774193549,0.8571428571428571,0.8709677419354839,0.8333333333333334,0.8709677419354839,0.8666666666666667,0.8387096774193549,0.5161290322580645,,,
GS01SUMO-RID16-03-CTDBPF000,,,,,,,,,,,,,,,,,,,,0.39285714285714285,1.0,1.0,0.5806451612903226,0.06666666666666667,,,,,,0.5806451612903226,1.0,1.0,1.0,1.0,1.0,1.0,1.0,0.9354838709677419,1.0,1.0,0.9666666666666667,1.0,1.0,1.0,1.0,0.5666666666666667,1.0,0.5333333333333333,1.0,0.5806451612903226,,,
GS01SUMO-RID16-04-VELPTA000,,,,,,,,,,,,,,,,,,,,0.39285714285714285,1.0,1.0,0.5806451612903226,0.03333333333333333,0.41935483870967744,0.4838709677419355,0.03333333333333333,,,0.5806451612903226,1.0,1.0,1.0,1.0,1.0,1.0,0.967741935483871,0.9032258064516129,1.0,1.0,0.9666666666666667,1.0,1.0,1.0,1.0,0.8333333333333334,,,,,,,
GS01SUMO-RID16-05-PCO2WB000,,,,,,,,,,,,,,,,,,,,0.10714285714285714,0.2903225806451613,0.26666666666666666,0.16129032258064516,,0.06451612903225806,0.1935483870967742,,,,0.16129032258064516,0.2903225806451613,0.27586206896551724,0.2903225806451613,0.26666666666666666,0.2903225806451613,0.26666666666666666,0.2903225806451613,0.22580645161290322,0.3,0.25806451612903225,0.06666666666666667,,,,,,,,,,,,
GS01SUMO-RID16-06-DOSTAD000,,,,,,,,,,,,,,,,,,,,0.35714285714285715,0.8387096774193549,0.8666666666666667,0.4838709677419355,0.06666666666666667,0.1935483870967742,0.6129032258064516,,,,0.5161290322580645,0.8387096774193549,0.8620689655172413,0.8709677419354839,0.8666666666666667,0.8387096774193549,0.8666666666666667,0.8387096774193549,0.7741935483870968,0.8666666666666667,0.8387096774193549,0.8666666666666667,0.9032258064516129,0.8387096774193549,0.8571428571428571,0.8709677419354839,0.8333333333333334,0.8709677419354839,0.9,0.8387096774193549,0.5161290322580645,,,
GS01SUMO-RID16-07-NUTNRB000,,,,,,,,,,,,,,,,,,,,0.39285714285714285,1.0,1.0,0.5806451612903226,0.06666666666666667,0.1935483870967742,0.7096774193548387,,,,0.5806451612903226,1.0,1.0,1.0,1.0,1.0,1.0,1.0,0.9354838709677419,1.0,1.0,0.9666666666666667,0.7419354838709677,1.0,1.0,1.0,1.0,1.0,1.0,1.0,0.41935483870967744,,,
GS01SUMO-RID16-08-SPKIRB000,,,,,,,,,,,,,,,,,,,,0.35714285714285715,0.8387096774193549,0.8666666666666667,0.4838709677419355,0.06666666666666667,0.1935483870967742,0.5483870967741935,,,,0.5161290322580645,0.8387096774193549,0.8620689655172413,0.8709677419354839,0.8333333333333334,0.8387096774193549,0.8666666666666667,0.8064516129032258,0.7419354838709677,0.8666666666666667,0.8387096774193549,0.8666666666666667,0.9032258064516129,0.8387096774193549,0.8571428571428571,0.8709677419354839,0.8,0.2903225806451613,,,,,,
GS01SUMO-RII11-02-ADCPSN010,,,,,,,,,,,,,,,,,,,,,,,,,,,,,,0.5806451612903226,1.0,1.0,1.0,1.0,0.967741935483871,0.7666666666666667,0.9032258064516129,1.0,0.7666666666666667,1.0,0.5,0.9032258064516129,1.0,1.0,1.0,1.0,1.0,1.0,1.0,1.0,1.0,,
GS01SUMO-RII11-02-CTDBPP031,,,,,,,,,,,,,,,,,,,,,,,,,,,,,,,,,,,,,,,,,0.2,0.7741935483870968,0.9032258064516129,,,,,,,,,,
GS01SUMO-RII11-02-CTDBPP032,,,,,,,,,,,,,,,,,,,,,,,,,,,,,,0.5483870967741935,1.0,0.27586206896551724,,,,,,,,,0.2,0.7741935483870968,1.0,1.0,1.0,1.0,0.5161290322580645,,,,,,
GS01SUMO-RII11-02-CTDBPP033,,,,,,,,,,,,,,,,,,,,,,,,,,,,,,0.5806451612903226,1.0,1.0,1.0,1.0,0.12903225806451613,,,,,,0.2,0.7741935483870968,1.0,1.0,1.0,1.0,1.0,1.0,0.3225806451612903,,,,
GS01SUMO-RII11-02-CTDMOQ011,,,,,,,,,,,,,,,,,,,,0.35714285714285715,1.0,1.0,0.5806451612903226,0.1,0.41935483870967744,0.7741935483870968,,,0.3,1.0,1.0,1.0,1.0,1.0,0.967741935483871,0.43333333333333335,0.5806451612903226,1.0,0.7666666666666667,1.0,0.5333333333333333,0.8064516129032258,1.0,1.0,1.0,0.9666666666666667,0.9354838709677419,0.9333333333333333,0.9354838709677419,1.0,1.0,,
GS01SUMO-RII11-02-CTDMOQ012,,,,,,,,,,,,,,,,,,,,0.35714285714285715,1.0,1.0,0.5806451612903226,0.1,0.41935483870967744,0.7741935483870968,,,0.3,1.0,1.0,1.0,1.0,1.0,0.967741935483871,0.7333333333333333,0.8064516129032258,0.967741935483871,0.7666666666666667,1.0,0.43333333333333335,0.8064516129032258,1.0,1.0,1.0,1.0,0.9354838709677419,0.9333333333333333,0.9354838709677419,1.0,1.0,,
GS01SUMO-RII11-02-CTDMOQ013,,,,,,,,,,,,,,,,,,,,0.35714285714285715,1.0,1.0,0.5806451612903226,0.1,0.41935483870967744,0.7741935483870968,,,0.3,1.0,1.0,1.0,1.0,1.0,0.967741935483871,0.7333333333333333,0.8064516129032258,0.967741935483871,0.7666666666666667,1.0,0.5,0.8064516129032258,1.0,1.0,1.0,0.9666666666666667,1.0,1.0,0.967741935483871,1.0,1.0,,
GS01SUMO-RII11-02-CTDMOQ014,,,,,,,,,,,,,,,,,,,,0.35714285714285715,1.0,1.0,0.5806451612903226,0.1,0.41935483870967744,0.7741935483870968,,,0.3,1.0,1.0,1.0,1.0,1.0,0.967741935483871,0.7,0.8064516129032258,0.967741935483871,0.7666666666666667,1.0,0.43333333333333335,0.8064516129032258,1.0,1.0,1.0,1.0,1.0,1.0,1.0,1.0,1.0,,
GS01SUMO-RII11-02-CTDMOQ015,,,,,,,,,,,,,,,,,,,,0.35714285714285715,1.0,1.0,0.5806451612903226,0.1,0.41935483870967744,0.7741935483870968,,,0.3,1.0,1.0,1.0,1.0,1.0,0.967741935483871,0.5666666666666667,0.5806451612903226,0.967741935483871,0.7666666666666667,1.0,0.43333333333333335,0.8064516129032258,1.0,1.0,1.0,1.0,1.0,1.0,1.0,1.0,1.0,,
GS01SUMO-RII11-02-CTDMOQ016,,,,,,,,,,,,,,,,,,,,0.35714285714285715,1.0,1.0,0.5806451612903226,0.1,0.41935483870967744,0.7741935483870968,,,0.3,1.0,1.0,1.0,1.0,1.0,0.967741935483871,0.7,0.8064516129032258,0.967741935483871,0.7666666666666667,1.0,0.43333333333333335,0.8064516129032258,1.0,1.0,1.0,1.0,1.0,1.0,1.0,1.0,1.0,,
GS01SUMO-RII11-02-CTDMOQ017,,,,,,,,,,,,,,,,,,,,0.35714285714285715,1.0,1.0,0.5806451612903226,0.1,0.41935483870967744,0.7741935483870968,,,0.26666666666666666,1.0,1.0,1.0,1.0,1.0,0.967741935483871,0.7,0.8064516129032258,0.967741935483871,0.7666666666666667,1.0,0.43333333333333335,0.8064516129032258,1.0,1.0,1.0,1.0,1.0,1.0,1.0,1.0,1.0,,
GS01SUMO-RII11-02-CTDMOQ031,,,,,,,,,,,,,,,,,,,,0.35714285714285715,1.0,1.0,0.5806451612903226,0.1,0.41935483870967744,0.7741935483870968,,,0.3,0.7096774193548387,,,,,,,,,,,,,,,,,,,,,,,
GS01SUMO-RII11-02-CTDMOQ033,,,,,,,,,,,,,,,,,,,,0.35714285714285715,1.0,1.0,0.5806451612903226,0.1,0.41935483870967744,0.7741935483870968,,,0.3,0.7096774193548387,,,,,,,,,,,,,,,,,,,,,,,
GS01SUMO-RII11-02-CTDMOR018,,,,,,,,,,,,,,,,,,,,0.07142857142857142,1.0,1.0,0.5806451612903226,0.06666666666666667,0.41935483870967744,0.7741935483870968,,,0.26666666666666666,1.0,1.0,1.0,1.0,1.0,0.967741935483871,0.7,0.8064516129032258,0.967741935483871,0.7666666666666667,1.0,0.43333333333333335,0.8064516129032258,1.0,1.0,1.0,1.0,1.0,1.0,1.0,1.0,1.0,,
GS01SUMO-RII11-02-CTDMOR019,,,,,,,,,,,,,,,,,,,,0.35714285714285715,1.0,1.0,0.5806451612903226,0.06666666666666667,0.41935483870967744,0.7741935483870968,,,0.26666666666666666,1.0,1.0,1.0,1.0,1.0,0.967741935483871,0.7,0.8064516129032258,0.967741935483871,0.7666666666666667,1.0,0.43333333333333335,0.8064516129032258,1.0,1.0,1.0,1.0,1.0,1.0,1.0,1.0,1.0,,
GS01SUMO-RII11-02-CTDMOR020,,,,,,,,,,,,,,,,,,,,0.35714285714285715,1.0,1.0,0.5806451612903226,0.06666666666666667,0.41935483870967744,0.7741935483870968,,,0.26666666666666666,1.0,1.0,1.0,1.0,1.0,0.967741935483871,0.7,0.8064516129032258,0.967741935483871,0.7666666666666667,1.0,0.5666666666666667,0.8064516129032258,1.0,1.0,1.0,1.0,1.0,1.0,1.0,1.0,1.0,,
GS01SUMO-RII11-02-DOSTAD031,,,,,,,,,,,,,,,,,,,,,,,,,,,,,,,,,,,,,,,,,0.2,0.7741935483870968,0.9032258064516129,,,,,,,,,,
GS01SUMO-RII11-02-DOSTAD032,,,,,,,,,,,,,,,,,,,,,,,,,,,,,,0.5483870967741935,1.0,0.27586206896551724,,,,,,,,,0.2,0.7741935483870968,1.0,1.0,1.0,1.0,0.5161290322580645,,,,,,
GS01SUMO-RII11-02-DOSTAD033,,,,,,,,,,,,,,,,,,,,,,,,,,,,,,0.5806451612903226,1.0,1.0,1.0,1.0,0.12903225806451613,,,,,,0.2,0.7741935483870968,1.0,1.0,1.0,1.0,1.0,1.0,0.3225806451612903,,,,
GS01SUMO-RII11-02-FLORDG031,,,,,,,,,,,,,,,,,,,,,,,,,,,,,,,,,,,,,,,,,0.2,0.7741935483870968,0.9032258064516129,,,,,,,,,,
GS01SUMO-RII11-02-FLORDG032,,,,,,,,,,,,,,,,,,,,,,,,,,,,,,0.5483870967741935,1.0,0.27586206896551724,,,,,,,,,0.2,0.7741935483870968,1.0,1.0,1.0,1.0,0.5161290322580645,,,,,,
GS01SUMO-RII11-02-FLORDG033,,,,,,,,,,,,,,,,,,,,,,,,,,,,,,0.5806451612903226,1.0,1.0,1.0,1.0,0.12903225806451613,,,,,,0.2,0.7741935483870968,1.0,1.0,1.0,1.0,1.0,1.0,0.3225806451612903,,,,
GS01SUMO-RII11-02-PCO2WC051,,,,,,,,,,,,,,,,,,,,0.07142857142857142,0.2903225806451613,0.26666666666666666,0.16129032258064516,0.03333333333333333,0.12903225806451613,0.22580645161290322,,,0.1,0.1935483870967742,,0.13793103448275862,0.0967741935483871,0.1,0.16129032258064516,0.06666666666666667,0.03225806451612903,,,,,0.0967741935483871,0.25806451612903225,0.2857142857142857,0.12903225806451613,0.06666666666666667,0.1935483870967742,0.1,0.06451612903225806,0.0967741935483871,0.16666666666666666,,
GS01SUMO-RII11-02-PCO2WC052,,,,,,,,,,,,,,,,,,,,,,,,,,,,,,0.16129032258064516,,,,,,,,,,,,0.16129032258064516,0.25806451612903225,0.2857142857142857,0.2903225806451613,0.26666666666666666,0.2903225806451613,0.26666666666666666,0.2903225806451613,0.2903225806451613,0.26666666666666666,,
GS01SUMO-RII11-02-PCO2WC053,,,,,,,,,,,,,,,,,,,,0.07142857142857142,0.1935483870967742,,,,,,,,,0.16129032258064516,0.1935483870967742,0.034482758620689655,,,,,,,,,0.03333333333333333,0.1935483870967742,0.06451612903225806,,0.2903225806451613,0.26666666666666666,0.2903225806451613,0.26666666666666666,0.2903225806451613,0.2903225806451613,0.26666666666666666,,
GS01SUMO-RII11-02-PHSENE041,,,,,,,,,,,,,,,,,,,,0.35714285714285715,1.0,1.0,0.5806451612903226,0.2,,,,,,0.25806451612903225,,,,,,,,,,,0.2,0.8064516129032258,1.0,1.0,0.3225806451612903,,,,,,,,
GS01SUMO-RII11-02-PHSENE042,,,,,,,,,,,,,,,,,,,,,,,,,,,,,,0.5161290322580645,1.0,1.0,1.0,0.9,,,,,,,,,,,,,,,,,,,
GS01SUMO-SBD11-04-DOSTAD000,,,,,,,,,,,,,,,,,,,,0.35714285714285715,0.8387096774193549,0.8666666666666667,0.4838709677419355,0.06666666666666667,0.3225806451612903,0.6129032258064516,,,0.2,0.8709677419354839,0.8387096774193549,0.8620689655172413,0.8709677419354839,0.8666666666666667,0.8387096774193549,0.8666666666666667,0.8387096774193549,0.7741935483870968,0.9333333333333333,0.8387096774193549,0.4666666666666667,0.8709677419354839,0.8387096774193549,0.8571428571428571,0.8709677419354839,0.8333333333333334,0.8709677419354839,0.8666666666666667,0.8387096774193549,0.8709677419354839,0.8666666666666667,,
GS01SUMO-SBD11-05-SPKIRB000,,,,,,,,,,,,,,,,,,,,0.35714285714285715,0.8387096774193549,0.8666666666666667,0.4838709677419355,0.06666666666666667,0.2903225806451613,0.4838709677419355,,,0.2,0.8709677419354839,0.8387096774193549,0.8620689655172413,0.8709677419354839,0.8666666666666667,0.8387096774193549,0.8666666666666667,0.8387096774193549,0.7741935483870968,0.7666666666666667,0.8387096774193549,0.3333333333333333,0.8709677419354839,0.8387096774193549,0.8571428571428571,0.8709677419354839,0.8333333333333334,0.8709677419354839,0.8666666666666667,0.8387096774193549,0.8709677419354839,0.8666666666666667,,
GS01SUMO-SBD11-06-METBKA000,,,,,,,,,,,,,,,,,,,,,,,,,,,,,,,,,,,,,,,,,,,,,,,,,,,,,
GS01SUMO-SBD11-08-NUTNRB000,,,,,,,,,,,,,,,,,,,,0.39285714285714285,1.0,1.0,0.5806451612903226,0.06666666666666667,0.3548387096774194,0.7096774193548387,,,0.23333333333333334,1.0,1.0,1.0,1.0,1.0,1.0,0.26666666666666666,1.0,1.0,0.8,1.0,0.43333333333333335,1.0,1.0,1.0,1.0,0.9666666666666667,0.9354838709677419,0.9333333333333333,0.9354838709677419,1.0,0.6333333333333333,,
GS01SUMO-SBD12-01-OPTAAD000,,,,,,,,,,,,,,,,,,,,0.39285714285714285,1.0,1.0,0.9032258064516129,0.26666666666666666,0.3548387096774194,0.967741935483871,0.7666666666666667,0.967741935483871,0.9666666666666667,0.8709677419354839,1.0,1.0,1.0,1.0,1.0,1.0,0.967741935483871,0.7419354838709677,0.9666666666666667,1.0,0.7666666666666667,0.8387096774193549,0.8387096774193549,0.8571428571428571,0.8709677419354839,0.8333333333333334,0.8709677419354839,0.8666666666666667,0.8387096774193549,0.967741935483871,1.0,,
GS01SUMO-SBD12-02-FLORTD000,,,,,,,,,,,,,,,,,,,,0.35714285714285715,0.8387096774193549,0.8666666666666667,0.7419354838709677,0.23333333333333334,0.3225806451612903,0.8387096774193549,0.7666666666666667,0.8709677419354839,0.8333333333333334,0.8387096774193549,0.8387096774193549,0.8620689655172413,0.8709677419354839,0.8666666666666667,0.8387096774193549,0.8666666666666667,0.5161290322580645,0.7741935483870968,0.8666666666666667,0.8387096774193549,0.8666666666666667,0.9032258064516129,0.8387096774193549,0.8571428571428571,0.8709677419354839,0.8333333333333334,0.8709677419354839,0.8666666666666667,0.8387096774193549,0.8709677419354839,0.8666666666666667,,
GS01SUMO-SBD12-04-PCO2AA000,,,,,,,,,,,,,,,,,,,,0.14285714285714285,1.0,1.0,0.5806451612903226,0.03333333333333333,,,,,,0.5806451612903226,1.0,1.0,1.0,1.0,1.0,1.0,1.0,1.0,1.0,1.0,0.9666666666666667,0.16129032258064516,,,,,,,,,,,
GS01SUMO-SBD12-05-WAVSSA000,,,,,,,,,,,,,,,,,,,,0.39285714285714285,1.0,1.0,0.9032258064516129,0.23333333333333334,0.3548387096774194,1.0,1.0,1.0,1.0,1.0,1.0,1.0,1.0,1.0,1.0,1.0,1.0,1.0,1.0,1.0,0.9666666666666667,1.0,1.0,1.0,1.0,1.0,1.0,1.0,1.0,1.0,1.0,,
GS01SUMO-SBD12-06-METBKA000,,,,,,,,,,,,,,,,,,,,,,,,,,,,,,,,,,,,,,,,,,,,,,,,,,,,,
GS01SUMO-SBD12-08-FDCHPA000,,,,,,,,,,,,,,,,,,,,0.39285714285714285,1.0,0.9666666666666667,0.9032258064516129,0.23333333333333334,0.3548387096774194,1.0,1.0,1.0,1.0,1.0,1.0,1.0,1.0,1.0,1.0,1.0,1.0,1.0,1.0,1.0,0.9666666666666667,1.0,1.0,1.0,1.0,1.0,1.0,0.4,,,,,
GS02HYPM-RIM01-02-CTDMOG039,,,,,,,,,,,,,,,,,,,,,,,,,,,,,,0.45161290322580644,0.25806451612903225,,,,,,,,,,,,,,,,,,,,,,
GS02HYPM-WFP02-01-FLORDL000,,,,,,,,,,,,,,,,,,,,,,,,,,,,,,0.41935483870967744,0.03225806451612903,,,,,,,,,,,,,,,,,,,,,,
GS02HYPM-WFP02-03-DOSTAL000,,,,,,,,,,,,,,,,,,,,,,,,,,,,,,0.41935483870967744,0.03225806451612903,,,,,,,,,,,,,,,,,,,,,,
GS02HYPM-WFP02-04-CTDPFL000,,,,,,,,,,,,,,,,,,,,,,,,,,,,,,0.45161290322580644,0.06451612903225806,,,,,,,,,,,,,,,,,,,,,,
GS02HYPM-WFP02-05-VEL3DL000,,,,,,,,,,,,,,,,,,,,,,,,,,,,,,0.3548387096774194,0.03225806451612903,,,,,,,,,,,,,,,,,,,,,,
GS02HYPM-WFP03-01-FLORDL000,,,,,,,,,,,,,,,,,,,,,,,,,,,,,,0.3548387096774194,0.16129032258064516,,,,,,,,,,,,,,,,,,,,,,
GS02HYPM-WFP03-03-DOSTAL000,,,,,,,,,,,,,,,,,,,,,,,,,,,,,,0.3548387096774194,0.16129032258064516,,,,,,,,,,,,,,,,,,,,,,
GS02HYPM-WFP03-04-CTDPFL000,,,,,,,,,,,,,,,,,,,,,,,,,,,,,,0.3870967741935484,0.16129032258064516,,,,,,,,,,,,,,,,,,,,,,
GS02HYPM-WFP03-05-VEL3DL000,,,,,,,,,,,,,,,,,,,,,,,,,,,,,,0.3548387096774194,0.12903225806451613,,,,,,,,,,,,,,,,,,,,,,
GS03FLMA-RIM01-02-ADCPSL003,,,,,,,,,,,,,,,,,,,,0.10714285714285714,1.0,1.0,1.0,0.13333333333333333,,,,,,0.4838709677419355,0.8387096774193549,0.034482758620689655,,,,,,,,,,,,,,,,,,,,,
GS03FLMA-RIM01-02-CTDMOG040,,,,,,,,,,,,,,,,,,,,0.10714285714285714,1.0,1.0,1.0,0.1,,,,,,0.4838709677419355,0.8387096774193549,0.13793103448275862,,,,,,,,,,,,,,,,,,,,,
GS03FLMA-RIM01-02-CTDMOG041,,,,,,,,,,,,,,,,,,,,0.10714285714285714,1.0,1.0,1.0,0.1,,,,,,0.4838709677419355,0.8387096774193549,0.13793103448275862,,,,,,,,,,,,,,,,,,,,,
GS03FLMA-RIM01-02-CTDMOG042,,,,,,,,,,,,,,,,,,,,0.10714285714285714,1.0,1.0,1.0,0.1,,,,,,0.4838709677419355,0.8387096774193549,0.13793103448275862,,,,,,,,,,,,,,,,,,,,,
GS03FLMA-RIM01-02-CTDMOG043,,,,,,,,,,,,,,,,,,,,0.10714285714285714,1.0,1.0,1.0,0.1,,,,,,0.4838709677419355,0.8387096774193549,0.13793103448275862,,,,,,,,,,,,,,,,,,,,,
GS03FLMA-RIM01-02-CTDMOG044,,,,,,,,,,,,,,,,,,,,0.10714285714285714,1.0,1.0,1.0,0.1,,,,,,0.4838709677419355,0.8387096774193549,0.13793103448275862,,,,,,,,,,,,,,,,,,,,,
GS03FLMA-RIM01-02-CTDMOG045,,,,,,,,,,,,,,,,,,,,0.10714285714285714,1.0,1.0,1.0,0.1,,,,,,0.4838709677419355,0.8387096774193549,0.13793103448275862,,,,,,,,,,,,,,,,,,,,,
GS03FLMA-RIM01-02-CTDMOG046,,,,,,,,,,,,,,,,,,,,0.10714285714285714,1.0,1.0,1.0,0.1,,,,,,0.4838709677419355,0.8387096774193549,0.13793103448275862,,,,,,,,,,,,,,,,,,,,,
GS03FLMA-RIM01-02-CTDMOG047,,,,,,,,,,,,,,,,,,,,0.10714285714285714,1.0,1.0,1.0,0.1,,,,,,0.4838709677419355,0.8387096774193549,0.13793103448275862,,,,,,,,,,,,,,,,,,,,,
GS03FLMA-RIM01-02-CTDMOG048,,,,,,,,,,,,,,,,,,,,0.10714285714285714,1.0,1.0,1.0,0.1,,,,,,0.4838709677419355,0.8387096774193549,0.13793103448275862,,,,,,,,,,,,,,,,,,,,,
GS03FLMA-RIM01-02-CTDMOH049,,,,,,,,,,,,,,,,,,,,0.10714285714285714,1.0,1.0,1.0,0.1,,,,,,0.4838709677419355,0.8387096774193549,0.13793103448275862,,,,,,,,,,,,,,,,,,,,,
GS03FLMA-RIM01-02-CTDMOH050,,,,,,,,,,,,,,,,,,,,0.10714285714285714,1.0,1.0,1.0,0.1,,,,,,0.4838709677419355,0.8387096774193549,0.13793103448275862,,,,,,,,,,,,,,,,,,,,,
GS03FLMA-RIM01-02-CTDMOH051,,,,,,,,,,,,,,,,,,,,0.10714285714285714,1.0,1.0,1.0,0.1,,,,,,0.4838709677419355,0.8387096774193549,0.13793103448275862,,,,,,,,,,,,,,,,,,,,,
GS03FLMA-RIS01-03-DOSTAD000,,,,,,,,,,,,,,,,,,,,,0.12903225806451613,0.4666666666666667,0.2903225806451613,,,,,,,,,,,,,,,,,,,,,,,,,,,,,,
GS03FLMA-RIS01-04-PHSENF000,,,,,,,,,,,,,,,,,,,,0.10714285714285714,1.0,0.9666666666666667,0.7741935483870968,0.06666666666666667,,,,,,0.45161290322580644,0.6451612903225806,,,,,,,,,,,,,,,,,,,,,,
GS03FLMA-RIS01-05-FLORTD000,,,,,,,,,,,,,,,,,,,,0.10714285714285714,1.0,1.0,1.0,0.16666666666666666,,,,,,0.4838709677419355,0.8387096774193549,0.06896551724137931,,,,,,,,,,,,,,,,,,,,,
GS03FLMB-RIM01-02-ADCPSL007,,,,,,,,,,,,,,,,,,,,0.17857142857142858,1.0,1.0,0.9032258064516129,0.03333333333333333,,,,,,0.5161290322580645,1.0,0.20689655172413793,,,,,,,,,,,,,,,,,,,,,
GS03FLMB-RIM01-02-CTDMOG060,,,,,,,,,,,,,,,,,,,,0.17857142857142858,1.0,1.0,0.9354838709677419,0.03333333333333333,,,,,,0.5161290322580645,1.0,0.2413793103448276,,,,,,,,,,,,,,,,,,,,,
GS03FLMB-RIM01-02-CTDMOG061,,,,,,,,,,,,,,,,,,,,0.17857142857142858,1.0,1.0,0.9354838709677419,0.03333333333333333,,,,,,0.5161290322580645,1.0,0.2413793103448276,,,,,,,,,,,,,,,,,,,,,
GS03FLMB-RIM01-02-CTDMOG062,,,,,,,,,,,,,,,,,,,,0.17857142857142858,1.0,1.0,0.9354838709677419,0.03333333333333333,,,,,,0.5161290322580645,1.0,0.2413793103448276,,,,,,,,,,,,,,,,,,,,,
GS03FLMB-RIM01-02-CTDMOG063,,,,,,,,,,,,,,,,,,,,0.17857142857142858,1.0,1.0,0.9354838709677419,0.03333333333333333,,,,,,0.5161290322580645,1.0,0.2413793103448276,,,,,,,,,,,,,,,,,,,,,
GS03FLMB-RIM01-02-CTDMOG064,,,,,,,,,,,,,,,,,,,,0.17857142857142858,1.0,1.0,0.9354838709677419,0.03333333333333333,,,,,,0.5161290322580645,1.0,0.2413793103448276,,,,,,,,,,,,,,,,,,,,,
GS03FLMB-RIM01-02-CTDMOG065,,,,,,,,,,,,,,,,,,,,0.17857142857142858,1.0,1.0,0.9354838709677419,0.03333333333333333,,,,,,0.5161290322580645,1.0,0.2413793103448276,,,,,,,,,,,,,,,,,,,,,
GS03FLMB-RIM01-02-CTDMOG066,,,,,,,,,,,,,,,,,,,,0.17857142857142858,1.0,1.0,0.9354838709677419,0.03333333333333333,,,,,,0.5161290322580645,1.0,0.2413793103448276,,,,,,,,,,,,,,,,,,,,,
GS03FLMB-RIM01-02-CTDMOG067,,,,,,,,,,,,,,,,,,,,0.17857142857142858,1.0,1.0,0.9354838709677419,0.03333333333333333,,,,,,0.5161290322580645,1.0,0.2413793103448276,,,,,,,,,,,,,,,,,,,,,
GS03FLMB-RIM01-02-CTDMOG068,,,,,,,,,,,,,,,,,,,,0.17857142857142858,1.0,1.0,0.9354838709677419,0.03333333333333333,,,,,,0.5161290322580645,1.0,0.2413793103448276,,,,,,,,,,,,,,,,,,,,,
GS03FLMB-RIM01-02-CTDMOH069,,,,,,,,,,,,,,,,,,,,0.17857142857142858,1.0,1.0,0.9354838709677419,0.03333333333333333,,,,,,0.5161290322580645,1.0,0.2413793103448276,,,,,,,,,,,,,,,,,,,,,
GS03FLMB-RIM01-02-CTDMOH070,,,,,,,,,,,,,,,,,,,,0.17857142857142858,1.0,1.0,0.9354838709677419,0.03333333333333333,,,,,,0.5161290322580645,1.0,0.2413793103448276,,,,,,,,,,,,,,,,,,,,,
GS03FLMB-RIM01-02-CTDMOH071,,,,,,,,,,,,,,,,,,,,0.17857142857142858,1.0,1.0,0.9354838709677419,0.03333333333333333,,,,,,0.5161290322580645,1.0,0.2413793103448276,,,,,,,,,,,,,,,,,,,,,
GS03FLMB-RIS01-03-DOSTAD000,,,,,,,,,,,,,,,,,,,,0.17857142857142858,1.0,1.0,0.9032258064516129,0.16666666666666666,,,,,,,,,,,,,,,,,,,,,,,,,,,,,
GS03FLMB-RIS01-04-PHSENF000,,,,,,,,,,,,,,,,,,,,0.17857142857142858,1.0,0.9666666666666667,0.6774193548387096,0.03333333333333333,,,,,,0.4838709677419355,0.9354838709677419,0.1724137931034483,,,,,,,,,,,,,,,,,,,,,
GS03FLMB-RIS01-05-FLORTD000,,,,,,,,,,,,,,,,,,,,0.17857142857142858,1.0,1.0,0.9032258064516129,0.13333333333333333,,,,,,0.5161290322580645,1.0,0.2413793103448276,,,,,,,,,,,,,,,,,,,,,
GS05MOAS-GL484-01-FLORDM000,,,,,,,,,,,,,,,,,,,,,,,,,,,,,,,,,,,,,,,,,,,,,,,,,,,,,
GS05MOAS-GL484-02-DOSTAM000,,,,,,,,,,,,,,,,,,,,,,,,,,,,,,,,,,,,,,,,,,,,,,,,,,,,,
GS05MOAS-GL484-04-CTDGVM000,,,,,,,,,,,,,,,,,,,,,,,,,,,,,,,,,,,,,,,,,,,,,,,,,,,,,
GS05MOAS-GL485-01-FLORDM000,,,,,,,,,,,,,,,,,,,,,,,,,,,,,,,,,,,,,,,,,,,,,,,,,,,,,
GS05MOAS-GL485-02-DOSTAM000,,,,,,,,,,,,,,,,,,,,,,,,,,,,,,,,,,,,,,,,,,,,,,,,,,,,,
GS05MOAS-GL485-04-CTDGVM000,,,,,,,,,,,,,,,,,,,,,,,,,,,,,,,,,,,,,,,,,,,,,,,,,,,,,
GS05MOAS-GL486-01-FLORDM000,,,,,,,,,,,,,,,,,,,,0.2857142857142857,1.0,1.0,1.0,1.0,1.0,1.0,1.0,1.0,1.0,0.3870967741935484,,,,,,,,,,,,,,,,,,,,,,,
GS05MOAS-GL486-02-DOSTAM000,,,,,,,,,,,,,,,,,,,,0.2857142857142857,1.0,1.0,1.0,1.0,1.0,1.0,1.0,1.0,1.0,0.3870967741935484,,,,,,,,,,,,,,,,,,,,,,,
GS05MOAS-GL486-04-CTDGVM000,,,,,,,,,,,,,,,,,,,,0.2857142857142857,1.0,1.0,1.0,1.0,1.0,1.0,1.0,1.0,1.0,0.3870967741935484,,,,,,,,,,,,,,,,,,,,,,,
GS05MOAS-GL524-01-FLORDM000,,,,,,,,,,,,,,,,,,,,,,,,,,,,,,0.3870967741935484,0.8709677419354839,,,,,,,,,,,,,,,,,,,,,,
GS05MOAS-GL524-02-DOSTAM000,,,,,,,,,,,,,,,,,,,,,,,,,,,,,,0.3870967741935484,0.8709677419354839,,,,,,,,,,,,,,,,,,,,,,
GS05MOAS-GL524-04-CTDGVM000,,,,,,,,,,,,,,,,,,,,,,,,,,,,,,0.3870967741935484,0.8709677419354839,,,,,,,,,,,,,,,,,,,,,,
GS05MOAS-GL560-01-FLORDM000,,,,,,,,,,,,,,,,,,,,,,,,,,,,,,0.3870967741935484,1.0,1.0,1.0,1.0,1.0,1.0,1.0,1.0,1.0,1.0,0.5666666666666667,,,,,,,,,,,,
GS05MOAS-GL560-02-DOSTAM000,,,,,,,,,,,,,,,,,,,,,,,,,,,,,,0.3870967741935484,1.0,1.0,1.0,1.0,1.0,1.0,1.0,1.0,1.0,1.0,0.5666666666666667,,,,,,,,,,,,
GS05MOAS-GL560-04-CTDGVM000,,,,,,,,,,,,,,,,,,,,,,,,,,,,,,0.3870967741935484,1.0,1.0,1.0,1.0,1.0,1.0,1.0,1.0,1.0,1.0,0.5666666666666667,,,,,,,,,,,,
GS05MOAS-GL561-01-FLORDM000,,,,,,,,,,,,,,,,,,,,,,,,,,,,,,0.22580645161290322,1.0,1.0,0.967741935483871,1.0,0.5161290322580645,0.06666666666666667,,,,,,,,,,,,,,,,,
GS05MOAS-GL561-02-DOSTAM000,,,,,,,,,,,,,,,,,,,,,,,,,,,,,,0.22580645161290322,1.0,1.0,0.967741935483871,1.0,0.5161290322580645,0.06666666666666667,,,,,,,,,,,,,,,,,
GS05MOAS-GL561-04-CTDGVM000,,,,,,,,,,,,,,,,,,,,,,,,,,,,,,0.22580645161290322,1.0,1.0,0.967741935483871,1.0,0.5161290322580645,0.06666666666666667,,,,,,,,,,,,,,,,,
GS05MOAS-PG565-01-CTDGVM000,,,,,,,,,,,,,,,,,,,,,,,,,,,,,,0.3870967741935484,1.0,1.0,1.0,0.9666666666666667,0.967741935483871,1.0,1.0,0.967741935483871,0.36666666666666664,0.6451612903225806,0.06666666666666667,,,,,,,,,,,,
GS05MOAS-PG565-02-DOSTAM000,,,,,,,,,,,,,,,,,,,,,,,,,,,,,,0.3870967741935484,1.0,1.0,1.0,0.9333333333333333,0.967741935483871,1.0,1.0,0.967741935483871,0.36666666666666664,0.6129032258064516,0.06666666666666667,,,,,,,,,,,,
GS05MOAS-PG565-03-FLORTM000,,,,,,,,,,,,,,,,,,,,,,,,,,,,,,,,,,,,,,,,,,,,,,,,,,,,,
GS05MOAS-PG565-04-FLORTO000,,,,,,,,,,,,,,,,,,,,,,,,,,,,,,,,,,,,,,,,,,,,,,,,,,,,,
GS05MOAS-PG565-05-NUTNRM000,,,,,,,,,,,,,,,,,,,,,,,,,,,,,,0.3870967741935484,1.0,1.0,1.0,0.9333333333333333,0.967741935483871,1.0,1.0,0.967741935483871,0.36666666666666664,0.6129032258064516,0.06666666666666667,,,,,,,,,,,,
GS05MOAS-PG565-06-PARADM000,,,,,,,,,,,,,,,,,,,,,,,,,,,,,,0.3548387096774194,1.0,1.0,1.0,0.9333333333333333,0.967741935483871,1.0,1.0,0.967741935483871,0.36666666666666664,0.6129032258064516,0.06666666666666667,,,,,,,,,,,,
GS05MOAS-PG566-01-CTDGVM000,,,,,,,,,,,,,,,,,,,,,,,,,,,,,,0.3870967741935484,1.0,1.0,1.0,1.0,1.0,1.0,1.0,0.5483870967741935,,,,,,,,,,,,,,,
GS05MOAS-PG566-02-DOSTAM000,,,,,,,,,,,,,,,,,,,,,,,,,,,,,,0.3870967741935484,1.0,1.0,1.0,1.0,1.0,1.0,1.0,0.5161290322580645,,,,,,,,,,,,,,,
GS05MOAS-PG566-03-FLORTM000,,,,,,,,,,,,,,,,,,,,,,,,,,,,,,,,,,,,,,,,,,,,,,,,,,,,,
GS05MOAS-PG566-04-FLORTO000,,,,,,,,,,,,,,,,,,,,,,,,,,,,,,,,,,,,,,,,,,,,,,,,,,,,,
GS05MOAS-PG566-05-NUTNRM000,,,,,,,,,,,,,,,,,,,,,,,,,,,,,,0.3870967741935484,1.0,1.0,1.0,1.0,1.0,1.0,1.0,0.5161290322580645,,,,,,,,,,,,,,,
GS05MOAS-PG566-06-PARADM000,,,,,,,,,,,,,,,,,,,,,,,,,,,,,,,,,,,,0.36666666666666664,1.0,0.5161290322580645,,,,,,,,,,,,,,,
